timestep,location,flow,occupy,speed
1,0,0,1,1
1,1,1,1,1
1,2,0,1,1
1,3,1,1,1
1,4,0,1,1
1,5,1,1,1
1,6,2,1,1
1,7,1,1,1
1,8,1,1,1
1,9,4,1,1
1,10,0,1,1
1,11,1,1,1
2,0,0,1,1
2,1,1,1,1
2,2,0,1,1
2,3,0,1,1
2,4,1,1,1
2,5,1,1,1
2,6,0,1,1
2,7,2,1,1
2,8,0,1,1
2,9,0,1,1
2,10,0,1,1
2,11,0,1,1
3,0,0,1,1
3,1,4,1,1
3,2,0,1,1
3,3,2,1,1
3,4,2,1,1
3,5,1,1,1
3,6,1,1,1
3,7,2,1,1
3,8,0,1,1
3,9,0,1,1
3,10,0,1,1
3,11,1,1,1
4,0,2,1,1
4,1,1,1,1
4,2,0,1,1
4,3,1,1,1
4,4,3,1,1
4,5,1,1,1
4,6,1,1,1
4,7,3,1,1
4,8,0,1,1
4,9,0,1,1
4,10,0,1,1
4,11,1,1,1
5,0,0,1,1
5,1,3,1,1
5,2,1,1,1
5,3,0,1,1
5,4,1,1,1
5,5,2,1,1
5,6,1,1,1
5,7,4,1,1
5,8,0,1,1
5,9,1,1,1
5,10,0,1,1
5,11,0,1,1
6,0,2,1,1
6,1,9,1,1
6,2,1,1,1
6,3,3,1,1
6,4,5,1,1
6,5,1,1,1
6,6,2,1,1
6,7,6,1,1
6,8,1,1,1
6,9,2,1,1
6,10,0,1,1
6,11,2,1,1
7,0,0,1,1
7,1,6,1,1
7,2,0,1,1
7,3,1,1,1
7,4,8,1,1
7,5,2,1,1
7,6,3,1,1
7,7,4,1,1
7,8,1,1,1
7,9,0,1,1
7,10,0,1,1
7,11,2,1,1
8,0,2,1,1
8,1,11,1,1
8,2,4,1,1
8,3,4,1,1
8,4,6,1,1
8,5,2,1,1
8,6,5,1,1
8,7,9,1,1
8,8,1,1,1
8,9,5,1,1
8,10,0,1,1
8,11,0,1,1
9,0,1,1,1
9,1,13,1,1
9,2,5,1,1
9,3,3,1,1
9,4,8,1,1
9,5,1,1,1
9,6,2,1,1
9,7,11,1,1
9,8,3,1,1
9,9,3,1,1
9,10,0,1,1
9,11,3,1,1
10,0,2,1,1
10,1,9,1,1
10,2,4,1,1
10,3,4,1,1
10,4,13,1,1
10,5,1,1,1
10,6,3,1,1
10,7,11,1,1
10,8,2,1,1
10,9,2,1,1
10,10,0,1,1
10,11,2,1,1
11,0,1,1,1
11,1,16,1,1
11,2,9,1,1
11,3,12,1,1
11,4,20,1,1
11,5,7,1,1
11,6,10,1,1
11,7,16,1,1
11,8,1,1,1
11,9,4,1,1
11,10,0,1,1
11,11,9,1,1
12,0,2,1,1
12,1,30,1,1
12,2,10,1,1
12,3,11,1,1
12,4,26,1,1
12,5,8,1,1
12,6,13,1,1
12,7,31,1,1
12,8,1,1,1
12,9,14,1,1
12,10,0,1,1
12,11,10,1,1
13,0,8,1,1
13,1,39,1,1
13,2,11,1,1
13,3,16,1,1
13,4,32,1,1
13,5,10,1,1
13,6,18,1,1
13,7,41,1,1
13,8,5,1,1
13,9,13,1,1
13,10,0,1,1
13,11,15,1,1
14,0,7,1,1
14,1,52,1,1
14,2,20,1,1
14,3,22,1,1
14,4,43,1,1
14,5,16,1,1
14,6,23,1,1
14,7,54,1,1
14,8,7,1,1
14,9,22,1,1
14,10,0,1,1
14,11,16,1,1
15,0,3,1,1
15,1,60,1,1
15,2,23,1,1
15,3,18,1,1
15,4,37,1,1
15,5,24,1,1
15,6,16,1,1
15,7,51,1,1
15,8,11,1,1
15,9,30,1,1
15,10,0,1,1
15,11,19,1,1
16,0,6,1,1
16,1,61,1,1
16,2,9,1,1
16,3,22,1,1
16,4,49,1,1
16,5,27,1,1
16,6,26,1,1
16,7,58,1,1
16,8,13,1,1
16,9,25,1,1
16,10,0,1,1
16,11,24,1,1
17,0,18,1,1
17,1,89,1,1
17,2,28,1,1
17,3,37,1,1
17,4,50,1,1
17,5,34,1,1
17,6,38,1,1
17,7,72,1,1
17,8,15,1,1
17,9,60,1,1
17,10,0,1,1
17,11,34,1,1
18,0,9,1,1
18,1,100,1,1
18,2,29,1,1
18,3,37,1,1
18,4,46,1,1
18,5,54,1,1
18,6,37,1,1
18,7,81,1,1
18,8,23,1,1
18,9,58,1,1
18,10,0,1,1
18,11,41,1,1
19,0,16,1,1
19,1,105,1,1
19,2,42,1,1
19,3,21,1,1
19,4,81,1,1
19,5,61,1,1
19,6,39,1,1
19,7,102,1,1
19,8,22,1,1
19,9,84,1,1
19,10,0,1,1
19,11,43,1,1
20,0,13,1,1
20,1,160,1,1
20,2,65,1,1
20,3,42,1,1
20,4,77,1,1
20,5,72,1,1
20,6,42,1,1
20,7,143,1,1
20,8,22,1,1
20,9,97,1,1
20,10,0,1,1
20,11,38,1,1
21,0,24,1,1
21,1,150,1,1
21,2,43,1,1
21,3,45,1,1
21,4,94,1,1
21,5,90,1,1
21,6,41,1,1
21,7,157,1,1
21,8,28,1,1
21,9,107,1,1
21,10,0,1,1
21,11,40,1,1
22,0,26,1,1
22,1,140,1,1
22,2,46,1,1
22,3,54,1,1
22,4,87,1,1
22,5,66,1,1
22,6,50,1,1
22,7,123,1,1
22,8,32,1,1
22,9,67,1,1
22,10,0,1,1
22,11,56,1,1
23,0,15,1,1
23,1,152,1,1
23,2,41,1,1
23,3,48,1,1
23,4,79,1,1
23,5,77,1,1
23,6,43,1,1
23,7,116,1,1
23,8,25,1,1
23,9,102,1,1
23,10,0,1,1
23,11,51,1,1
24,0,14,1,1
24,1,112,1,1
24,2,42,1,1
24,3,49,1,1
24,4,75,1,1
24,5,51,1,1
24,6,32,1,1
24,7,105,1,1
24,8,14,1,1
24,9,91,1,1
24,10,0,1,1
24,11,31,1,1
25,0,20,1,1
25,1,108,1,1
25,2,35,1,1
25,3,49,1,1
25,4,54,1,1
25,5,58,1,1
25,6,50,1,1
25,7,102,1,1
25,8,20,1,1
25,9,63,1,1
25,10,0,1,1
25,11,51,1,1
26,0,17,1,1
26,1,96,1,1
26,2,19,1,1
26,3,33,1,1
26,4,52,1,1
26,5,58,1,1
26,6,33,1,1
26,7,97,1,1
26,8,19,1,1
26,9,64,1,1
26,10,0,1,1
26,11,38,1,1
27,0,10,1,1
27,1,108,1,1
27,2,27,1,1
27,3,49,1,1
27,4,52,1,1
27,5,51,1,1
27,6,42,1,1
27,7,93,1,1
27,8,33,1,1
27,9,68,1,1
27,10,0,1,1
27,11,43,1,1
28,0,13,1,1
28,1,97,1,1
28,2,21,1,1
28,3,44,1,1
28,4,66,1,1
28,5,47,1,1
28,6,45,1,1
28,7,98,1,1
28,8,23,1,1
28,9,63,1,1
28,10,0,1,1
28,11,40,1,1
29,0,9,1,1
29,1,98,1,1
29,2,20,1,1
29,3,41,1,1
29,4,57,1,1
29,5,50,1,1
29,6,37,1,1
29,7,86,1,1
29,8,27,1,1
29,9,66,1,1
29,10,0,1,1
29,11,57,1,1
30,0,13,1,1
30,1,86,1,1
30,2,24,1,1
30,3,51,1,1
30,4,62,1,1
30,5,38,1,1
30,6,53,1,1
30,7,76,1,1
30,8,33,1,1
30,9,61,1,1
30,10,0,1,1
30,11,49,1,1
31,0,18,1,1
31,1,102,1,1
31,2,21,1,1
31,3,55,1,1
31,4,57,1,1
31,5,52,1,1
31,6,61,1,1
31,7,88,1,1
31,8,38,1,1
31,9,60,1,1
31,10,0,1,1
31,11,63,1,1
32,0,11,1,1
32,1,106,1,1
32,2,25,1,1
32,3,37,1,1
32,4,60,1,1
32,5,49,1,1
32,6,33,1,1
32,7,107,1,1
32,8,35,1,1
32,9,59,1,1
32,10,0,1,1
32,11,48,1,1
33,0,15,1,1
33,1,88,1,1
33,2,21,1,1
33,3,62,1,1
33,4,60,1,1
33,5,46,1,1
33,6,62,1,1
33,7,84,1,1
33,8,38,1,1
33,9,53,1,1
33,10,0,1,1
33,11,54,1,1
34,0,10,1,1
34,1,88,1,1
34,2,16,1,1
34,3,50,1,1
34,4,41,1,1
34,5,37,1,1
34,6,40,1,1
34,7,82,1,1
34,8,23,1,1
34,9,62,1,1
34,10,0,1,1
34,11,45,1,1
35,0,18,1,1
35,1,81,1,1
35,2,14,1,1
35,3,54,1,1
35,4,61,1,1
35,5,49,1,1
35,6,47,1,1
35,7,90,1,1
35,8,30,1,1
35,9,65,1,1
35,10,0,1,1
35,11,65,1,1
36,0,14,1,1
36,1,94,1,1
36,2,14,1,1
36,3,47,1,1
36,4,58,1,1
36,5,52,1,1
36,6,49,1,1
36,7,90,1,1
36,8,18,1,1
36,9,70,1,1
36,10,0,1,1
36,11,61,1,1
37,0,10,1,1
37,1,80,1,1
37,2,22,1,1
37,3,55,1,1
37,4,59,1,1
37,5,41,1,1
37,6,42,1,1
37,7,81,1,1
37,8,34,1,1
37,9,63,1,1
37,10,0,1,1
37,11,60,1,1
38,0,21,1,1
38,1,92,1,1
38,2,20,1,1
38,3,49,1,1
38,4,61,1,1
38,5,37,1,1
38,6,53,1,1
38,7,77,1,1
38,8,23,1,1
38,9,58,1,1
38,10,0,1,1
38,11,65,1,1
39,0,14,1,1
39,1,92,1,1
39,2,23,1,1
39,3,57,1,1
39,4,61,1,1
39,5,39,1,1
39,6,55,1,1
39,7,94,1,1
39,8,25,1,1
39,9,55,1,1
39,10,0,1,1
39,11,48,1,1
40,0,12,1,1
40,1,80,1,1
40,2,15,1,1
40,3,71,1,1
40,4,76,1,1
40,5,56,1,1
40,6,58,1,1
40,7,80,1,1
40,8,29,1,1
40,9,74,1,1
40,10,0,1,1
40,11,51,1,1
41,0,29,1,1
41,1,88,1,1
41,2,22,1,1
41,3,52,1,1
41,4,85,1,1
41,5,32,1,1
41,6,63,1,1
41,7,110,1,1
41,8,26,1,1
41,9,49,1,1
41,10,0,1,1
41,11,63,1,1
42,0,24,1,1
42,1,103,1,1
42,2,14,1,1
42,3,60,1,1
42,4,68,1,1
42,5,46,1,1
42,6,62,1,1
42,7,93,1,1
42,8,33,1,1
42,9,68,1,1
42,10,0,1,1
42,11,72,1,1
43,0,21,1,1
43,1,104,1,1
43,2,24,1,1
43,3,66,1,1
43,4,103,1,1
43,5,49,1,1
43,6,61,1,1
43,7,91,1,1
43,8,24,1,1
43,9,78,1,1
43,10,0,1,1
43,11,76,1,1
44,0,21,1,1
44,1,103,1,1
44,2,22,1,1
44,3,86,1,1
44,4,116,1,1
44,5,50,1,1
44,6,70,1,1
44,7,110,1,1
44,8,30,1,1
44,9,72,1,1
44,10,0,1,1
44,11,76,1,1
45,0,29,1,1
45,1,95,1,1
45,2,23,1,1
45,3,74,1,1
45,4,99,1,1
45,5,47,1,1
45,6,60,1,1
45,7,114,1,1
45,8,32,1,1
45,9,75,1,1
45,10,0,1,1
45,11,95,1,1
46,0,22,1,1
46,1,97,1,1
46,2,19,1,1
46,3,67,1,1
46,4,94,1,1
46,5,48,1,1
46,6,64,1,1
46,7,128,1,1
46,8,46,1,1
46,9,82,1,1
46,10,0,1,1
46,11,99,1,1
47,0,13,1,1
47,1,103,1,1
47,2,22,1,1
47,3,97,1,1
47,4,91,1,1
47,5,52,1,1
47,6,72,1,1
47,7,134,1,1
47,8,35,1,1
47,9,78,1,1
47,10,0,1,1
47,11,98,1,1
48,0,25,1,1
48,1,109,1,1
48,2,26,1,1
48,3,85,1,1
48,4,102,1,1
48,5,49,1,1
48,6,77,1,1
48,7,142,1,1
48,8,33,1,1
48,9,75,1,1
48,10,0,1,1
48,11,92,1,1
49,0,25,1,1
49,1,123,1,1
49,2,23,1,1
49,3,96,1,1
49,4,107,1,1
49,5,62,1,1
49,6,84,1,1
49,7,150,1,1
49,8,38,1,1
49,9,98,1,1
49,10,0,1,1
49,11,121,1,1
50,0,22,1,1
50,1,134,1,1
50,2,29,1,1
50,3,90,1,1
50,4,125,1,1
50,5,74,1,1
50,6,78,1,1
50,7,134,1,1
50,8,44,1,1
50,9,81,1,1
50,10,0,1,1
50,11,95,1,1
51,0,28,1,1
51,1,115,1,1
51,2,18,1,1
51,3,72,1,1
51,4,105,1,1
51,5,58,1,1
51,6,78,1,1
51,7,125,1,1
51,8,47,1,1
51,9,82,1,1
51,10,0,1,1
51,11,96,1,1
52,0,23,1,1
52,1,107,1,1
52,2,17,1,1
52,3,68,1,1
52,4,103,1,1
52,5,54,1,1
52,6,71,1,1
52,7,105,1,1
52,8,39,1,1
52,9,81,1,1
52,10,0,1,1
52,11,87,1,1
53,0,24,1,1
53,1,118,1,1
53,2,27,1,1
53,3,81,1,1
53,4,101,1,1
53,5,58,1,1
53,6,70,1,1
53,7,94,1,1
53,8,36,1,1
53,9,100,1,1
53,10,0,1,1
53,11,86,1,1
54,0,14,1,1
54,1,124,1,1
54,2,11,1,1
54,3,77,1,1
54,4,96,1,1
54,5,44,1,1
54,6,90,1,1
54,7,108,1,1
54,8,38,1,1
54,9,74,1,1
54,10,0,1,1
54,11,112,1,1
55,0,16,1,1
55,1,99,1,1
55,2,21,1,1
55,3,75,1,1
55,4,81,1,1
55,5,52,1,1
55,6,54,1,1
55,7,101,1,1
55,8,36,1,1
55,9,89,1,1
55,10,0,1,1
55,11,78,1,1
56,0,35,1,1
56,1,107,1,1
56,2,25,1,1
56,3,68,1,1
56,4,86,1,1
56,5,56,1,1
56,6,69,1,1
56,7,118,1,1
56,8,28,1,1
56,9,82,1,1
56,10,0,1,1
56,11,74,1,1
57,0,20,1,1
57,1,115,1,1
57,2,27,1,1
57,3,79,1,1
57,4,86,1,1
57,5,45,1,1
57,6,82,1,1
57,7,127,1,1
57,8,19,1,1
57,9,68,1,1
57,10,0,1,1
57,11,92,1,1
58,0,27,1,1
58,1,112,1,1
58,2,12,1,1
58,3,53,1,1
58,4,82,1,1
58,5,51,1,1
58,6,60,1,1
58,7,115,1,1
58,8,33,1,1
58,9,81,1,1
58,10,0,1,1
58,11,79,1,1
59,0,24,1,1
59,1,102,1,1
59,2,19,1,1
59,3,64,1,1
59,4,85,1,1
59,5,49,1,1
59,6,54,1,1
59,7,113,1,1
59,8,37,1,1
59,9,80,1,1
59,10,0,1,1
59,11,87,1,1
60,0,17,1,1
60,1,103,1,1
60,2,23,1,1
60,3,57,1,1
60,4,86,1,1
60,5,53,1,1
60,6,61,1,1
60,7,96,1,1
60,8,22,1,1
60,9,61,1,1
60,10,0,1,1
60,11,88,1,1
61,0,21,1,1
61,1,108,1,1
61,2,17,1,1
61,3,73,1,1
61,4,87,1,1
61,5,50,1,1
61,6,74,1,1
61,7,100,1,1
61,8,38,1,1
61,9,73,1,1
61,10,0,1,1
61,11,77,1,1
62,0,20,1,1
62,1,102,1,1
62,2,22,1,1
62,3,75,1,1
62,4,77,1,1
62,5,51,1,1
62,6,56,1,1
62,7,98,1,1
62,8,30,1,1
62,9,84,1,1
62,10,0,1,1
62,11,87,1,1
63,0,16,1,1
63,1,99,1,1
63,2,15,1,1
63,3,69,1,1
63,4,93,1,1
63,5,43,1,1
63,6,63,1,1
63,7,104,1,1
63,8,32,1,1
63,9,82,1,1
63,10,0,1,1
63,11,93,1,1
64,0,16,1,1
64,1,104,1,1
64,2,20,1,1
64,3,51,1,1
64,4,77,1,1
64,5,51,1,1
64,6,66,1,1
64,7,81,1,1
64,8,33,1,1
64,9,81,1,1
64,10,0,1,1
64,11,79,1,1
65,0,15,1,1
65,1,79,1,1
65,2,17,1,1
65,3,51,1,1
65,4,100,1,1
65,5,41,1,1
65,6,51,1,1
65,7,96,1,1
65,8,35,1,1
65,9,76,1,1
65,10,0,1,1
65,11,89,1,1
66,0,20,1,1
66,1,101,1,1
66,2,28,1,1
66,3,66,1,1
66,4,82,1,1
66,5,51,1,1
66,6,63,1,1
66,7,108,1,1
66,8,32,1,1
66,9,79,1,1
66,10,0,1,1
66,11,98,1,1
67,0,19,1,1
67,1,85,1,1
67,2,16,1,1
67,3,55,1,1
67,4,113,1,1
67,5,42,1,1
67,6,79,1,1
67,7,91,1,1
67,8,42,1,1
67,9,76,1,1
67,10,0,1,1
67,11,105,1,1
68,0,16,1,1
68,1,99,1,1
68,2,15,1,1
68,3,72,1,1
68,4,102,1,1
68,5,54,1,1
68,6,61,1,1
68,7,110,1,1
68,8,29,1,1
68,9,75,1,1
68,10,0,1,1
68,11,90,1,1
69,0,11,1,1
69,1,71,1,1
69,2,13,1,1
69,3,78,1,1
69,4,86,1,1
69,5,40,1,1
69,6,66,1,1
69,7,109,1,1
69,8,29,1,1
69,9,67,1,1
69,10,0,1,1
69,11,93,1,1
70,0,26,1,1
70,1,98,1,1
70,2,16,1,1
70,3,61,1,1
70,4,103,1,1
70,5,54,1,1
70,6,62,1,1
70,7,101,1,1
70,8,36,1,1
70,9,68,1,1
70,10,0,1,1
70,11,78,1,1
71,0,14,1,1
71,1,98,1,1
71,2,25,1,1
71,3,88,1,1
71,4,101,1,1
71,5,55,1,1
71,6,80,1,1
71,7,103,1,1
71,8,41,1,1
71,9,69,1,1
71,10,0,1,1
71,11,98,1,1
72,0,25,1,1
72,1,85,1,1
72,2,24,1,1
72,3,81,1,1
72,4,93,1,1
72,5,54,1,1
72,6,79,1,1
72,7,110,1,1
72,8,25,1,1
72,9,72,1,1
72,10,0,1,1
72,11,108,1,1
73,0,17,1,1
73,1,97,1,1
73,2,26,1,1
73,3,76,1,1
73,4,107,1,1
73,5,54,1,1
73,6,83,1,1
73,7,106,1,1
73,8,40,1,1
73,9,66,1,1
73,10,0,1,1
73,11,95,1,1
74,0,22,1,1
74,1,96,1,1
74,2,18,1,1
74,3,82,1,1
74,4,108,1,1
74,5,52,1,1
74,6,77,1,1
74,7,117,1,1
74,8,37,1,1
74,9,76,1,1
74,10,0,1,1
74,11,111,1,1
75,0,25,1,1
75,1,101,1,1
75,2,17,1,1
75,3,106,1,1
75,4,112,1,1
75,5,50,1,1
75,6,107,1,1
75,7,98,1,1
75,8,32,1,1
75,9,66,1,1
75,10,0,1,1
75,11,118,1,1
76,0,29,1,1
76,1,95,1,1
76,2,14,1,1
76,3,87,1,1
76,4,114,1,1
76,5,51,1,1
76,6,95,1,1
76,7,117,1,1
76,8,41,1,1
76,9,87,1,1
76,10,0,1,1
76,11,116,1,1
77,0,30,1,1
77,1,98,1,1
77,2,16,1,1
77,3,82,1,1
77,4,110,1,1
77,5,50,1,1
77,6,81,1,1
77,7,118,1,1
77,8,46,1,1
77,9,88,1,1
77,10,0,1,1
77,11,105,1,1
78,0,29,1,1
78,1,98,1,1
78,2,26,1,1
78,3,80,1,1
78,4,106,1,1
78,5,56,1,1
78,6,85,1,1
78,7,107,1,1
78,8,50,1,1
78,9,78,1,1
78,10,0,1,1
78,11,110,1,1
79,0,35,1,1
79,1,94,1,1
79,2,26,1,1
79,3,100,1,1
79,4,112,1,1
79,5,44,1,1
79,6,90,1,1
79,7,117,1,1
79,8,45,1,1
79,9,72,1,1
79,10,0,1,1
79,11,108,1,1
80,0,34,1,1
80,1,101,1,1
80,2,20,1,1
80,3,81,1,1
80,4,124,1,1
80,5,47,1,1
80,6,89,1,1
80,7,127,1,1
80,8,34,1,1
80,9,69,1,1
80,10,0,1,1
80,11,106,1,1
81,0,35,1,1
81,1,95,1,1
81,2,25,1,1
81,3,100,1,1
81,4,128,1,1
81,5,49,1,1
81,6,85,1,1
81,7,104,1,1
81,8,39,1,1
81,9,67,1,1
81,10,0,1,1
81,11,115,1,1
82,0,40,1,1
82,1,104,1,1
82,2,23,1,1
82,3,93,1,1
82,4,120,1,1
82,5,51,1,1
82,6,103,1,1
82,7,100,1,1
82,8,36,1,1
82,9,64,1,1
82,10,0,1,1
82,11,116,1,1
83,0,25,1,1
83,1,85,1,1
83,2,17,1,1
83,3,93,1,1
83,4,135,1,1
83,5,43,1,1
83,6,85,1,1
83,7,101,1,1
83,8,45,1,1
83,9,62,1,1
83,10,0,1,1
83,11,97,1,1
84,0,18,1,1
84,1,92,1,1
84,2,24,1,1
84,3,93,1,1
84,4,100,1,1
84,5,36,1,1
84,6,101,1,1
84,7,98,1,1
84,8,39,1,1
84,9,64,1,1
84,10,0,1,1
84,11,111,1,1
85,0,25,1,1
85,1,97,1,1
85,2,20,1,1
85,3,97,1,1
85,4,111,1,1
85,5,59,1,1
85,6,82,1,1
85,7,107,1,1
85,8,43,1,1
85,9,63,1,1
85,10,0,1,1
85,11,97,1,1
86,0,12,1,1
86,1,87,1,1
86,2,15,1,1
86,3,57,1,1
86,4,92,1,1
86,5,47,1,1
86,6,57,1,1
86,7,100,1,1
86,8,32,1,1
86,9,60,1,1
86,10,0,1,1
86,11,85,1,1
87,0,18,1,1
87,1,73,1,1
87,2,18,1,1
87,3,57,1,1
87,4,101,1,1
87,5,45,1,1
87,6,58,1,1
87,7,99,1,1
87,8,29,1,1
87,9,61,1,1
87,10,0,1,1
87,11,81,1,1
88,0,17,1,1
88,1,88,1,1
88,2,19,1,1
88,3,48,1,1
88,4,84,1,1
88,5,58,1,1
88,6,54,1,1
88,7,79,1,1
88,8,31,1,1
88,9,56,1,1
88,10,0,1,1
88,11,67,1,1
89,0,14,1,1
89,1,91,1,1
89,2,14,1,1
89,3,64,1,1
89,4,92,1,1
89,5,53,1,1
89,6,59,1,1
89,7,91,1,1
89,8,26,1,1
89,9,68,1,1
89,10,0,1,1
89,11,69,1,1
90,0,23,1,1
90,1,73,1,1
90,2,14,1,1
90,3,58,1,1
90,4,85,1,1
90,5,45,1,1
90,6,56,1,1
90,7,74,1,1
90,8,26,1,1
90,9,64,1,1
90,10,0,1,1
90,11,67,1,1
91,0,14,1,1
91,1,76,1,1
91,2,15,1,1
91,3,49,1,1
91,4,71,1,1
91,5,36,1,1
91,6,53,1,1
91,7,75,1,1
91,8,30,1,1
91,9,69,1,1
91,10,0,1,1
91,11,63,1,1
92,0,12,1,1
92,1,72,1,1
92,2,16,1,1
92,3,43,1,1
92,4,60,1,1
92,5,35,1,1
92,6,60,1,1
92,7,87,1,1
92,8,28,1,1
92,9,58,1,1
92,10,0,1,1
92,11,61,1,1
93,0,13,1,1
93,1,56,1,1
93,2,14,1,1
93,3,43,1,1
93,4,61,1,1
93,5,31,1,1
93,6,42,1,1
93,7,63,1,1
93,8,20,1,1
93,9,48,1,1
93,10,0,1,1
93,11,58,1,1
94,0,14,1,1
94,1,48,1,1
94,2,9,1,1
94,3,39,1,1
94,4,72,1,1
94,5,26,1,1
94,6,48,1,1
94,7,90,1,1
94,8,27,1,1
94,9,31,1,1
94,10,0,1,1
94,11,74,1,1
95,0,10,1,1
95,1,42,1,1
95,2,10,1,1
95,3,43,1,1
95,4,55,1,1
95,5,22,1,1
95,6,47,1,1
95,7,57,1,1
95,8,18,1,1
95,9,47,1,1
95,10,0,1,1
95,11,65,1,1
96,0,7,1,1
96,1,49,1,1
96,2,13,1,1
96,3,33,1,1
96,4,64,1,1
96,5,30,1,1
96,6,45,1,1
96,7,71,1,1
96,8,28,1,1
96,9,47,1,1
96,10,0,1,1
96,11,64,1,1
97,0,7,1,1
97,1,46,1,1
97,2,8,1,1
97,3,43,1,1
97,4,51,1,1
97,5,27,1,1
97,6,47,1,1
97,7,70,1,1
97,8,21,1,1
97,9,54,1,1
97,10,0,1,1
97,11,58,1,1
98,0,6,1,1
98,1,53,1,1
98,2,7,1,1
98,3,30,1,1
98,4,61,1,1
98,5,31,1,1
98,6,33,1,1
98,7,61,1,1
98,8,25,1,1
98,9,36,1,1
98,10,0,1,1
98,11,38,1,1
99,0,7,1,1
99,1,48,1,1
99,2,7,1,1
99,3,27,1,1
99,4,58,1,1
99,5,20,1,1
99,6,30,1,1
99,7,56,1,1
99,8,18,1,1
99,9,51,1,1
99,10,0,1,1
99,11,46,1,1
100,0,4,1,1
100,1,56,1,1
100,2,8,1,1
100,3,46,1,1
100,4,62,1,1
100,5,29,1,1
100,6,50,1,1
100,7,62,1,1
100,8,15,1,1
100,9,46,1,1
100,10,0,1,1
100,11,42,1,1
101,0,2,1,1
101,1,45,1,1
101,2,10,1,1
101,3,32,1,1
101,4,55,1,1
101,5,26,1,1
101,6,38,1,1
101,7,47,1,1
101,8,16,1,1
101,9,36,1,1
101,10,0,1,1
101,11,49,1,1
102,0,6,1,1
102,1,50,1,1
102,2,4,1,1
102,3,32,1,1
102,4,41,1,1
102,5,27,1,1
102,6,29,1,1
102,7,63,1,1
102,8,12,1,1
102,9,32,1,1
102,10,0,1,1
102,11,40,1,1
103,0,7,1,1
103,1,55,1,1
103,2,13,1,1
103,3,33,1,1
103,4,49,1,1
103,5,28,1,1
103,6,26,1,1
103,7,63,1,1
103,8,11,1,1
103,9,50,1,1
103,10,0,1,1
103,11,49,1,1
104,0,14,1,1
104,1,54,1,1
104,2,6,1,1
104,3,31,1,1
104,4,58,1,1
104,5,34,1,1
104,6,32,1,1
104,7,58,1,1
104,8,17,1,1
104,9,47,1,1
104,10,0,1,1
104,11,47,1,1
105,0,3,1,1
105,1,45,1,1
105,2,5,1,1
105,3,27,1,1
105,4,52,1,1
105,5,25,1,1
105,6,28,1,1
105,7,49,1,1
105,8,16,1,1
105,9,46,1,1
105,10,0,1,1
105,11,36,1,1
106,0,9,1,1
106,1,38,1,1
106,2,2,1,1
106,3,19,1,1
106,4,46,1,1
106,5,21,1,1
106,6,29,1,1
106,7,42,1,1
106,8,16,1,1
106,9,39,1,1
106,10,0,1,1
106,11,33,1,1
107,0,5,1,1
107,1,31,1,1
107,2,7,1,1
107,3,29,1,1
107,4,50,1,1
107,5,18,1,1
107,6,24,1,1
107,7,34,1,1
107,8,18,1,1
107,9,35,1,1
107,10,0,1,1
107,11,26,1,1
108,0,5,1,1
108,1,25,1,1
108,2,5,1,1
108,3,35,1,1
108,4,41,1,1
108,5,20,1,1
108,6,42,1,1
108,7,50,1,1
108,8,17,1,1
108,9,32,1,1
108,10,0,1,1
108,11,38,1,1
109,0,6,1,1
109,1,29,1,1
109,2,4,1,1
109,3,23,1,1
109,4,43,1,1
109,5,19,1,1
109,6,19,1,1
109,7,45,1,1
109,8,11,1,1
109,9,34,1,1
109,10,0,1,1
109,11,33,1,1
110,0,5,1,1
110,1,37,1,1
110,2,4,1,1
110,3,24,1,1
110,4,39,1,1
110,5,25,1,1
110,6,27,1,1
110,7,47,1,1
110,8,13,1,1
110,9,37,1,1
110,10,0,1,1
110,11,26,1,1
111,0,10,1,1
111,1,38,1,1
111,2,9,1,1
111,3,21,1,1
111,4,42,1,1
111,5,18,1,1
111,6,24,1,1
111,7,48,1,1
111,8,14,1,1
111,9,31,1,1
111,10,0,1,1
111,11,26,1,1
112,0,9,1,1
112,1,25,1,1
112,2,9,1,1
112,3,30,1,1
112,4,38,1,1
112,5,28,1,1
112,6,28,1,1
112,7,42,1,1
112,8,15,1,1
112,9,32,1,1
112,10,0,1,1
112,11,28,1,1
113,0,6,1,1
113,1,40,1,1
113,2,8,1,1
113,3,23,1,1
113,4,40,1,1
113,5,24,1,1
113,6,23,1,1
113,7,29,1,1
113,8,9,1,1
113,9,29,1,1
113,10,0,1,1
113,11,26,1,1
114,0,7,1,1
114,1,28,1,1
114,2,4,1,1
114,3,22,1,1
114,4,38,1,1
114,5,12,1,1
114,6,24,1,1
114,7,35,1,1
114,8,5,1,1
114,9,26,1,1
114,10,0,1,1
114,11,19,1,1
115,0,2,1,1
115,1,24,1,1
115,2,7,1,1
115,3,18,1,1
115,4,31,1,1
115,5,13,1,1
115,6,21,1,1
115,7,23,1,1
115,8,9,1,1
115,9,18,1,1
115,10,0,1,1
115,11,26,1,1
116,0,3,1,1
116,1,13,1,1
116,2,2,1,1
116,3,15,1,1
116,4,23,1,1
116,5,9,1,1
116,6,17,1,1
116,7,23,1,1
116,8,1,1,1
116,9,15,1,1
116,10,0,1,1
116,11,20,1,1
117,0,2,1,1
117,1,12,1,1
117,2,4,1,1
117,3,18,1,1
117,4,29,1,1
117,5,10,1,1
117,6,16,1,1
117,7,20,1,1
117,8,4,1,1
117,9,28,1,1
117,10,0,1,1
117,11,18,1,1
118,0,7,1,1
118,1,22,1,1
118,2,4,1,1
118,3,19,1,1
118,4,19,1,1
118,5,9,1,1
118,6,21,1,1
118,7,14,1,1
118,8,8,1,1
118,9,13,1,1
118,10,0,1,1
118,11,20,1,1
119,0,4,1,1
119,1,18,1,1
119,2,1,1,1
119,3,8,1,1
119,4,17,1,1
119,5,7,1,1
119,6,7,1,1
119,7,18,1,1
119,8,4,1,1
119,9,9,1,1
119,10,0,1,1
119,11,14,1,1
120,0,1,1,1
120,1,13,1,1
120,2,4,1,1
120,3,6,1,1
120,4,15,1,1
120,5,9,1,1
120,6,7,1,1
120,7,10,1,1
120,8,3,1,1
120,9,15,1,1
120,10,0,1,1
120,11,9,1,1
121,0,2,1,1
121,1,9,1,1
121,2,3,1,1
121,3,11,1,1
121,4,14,1,1
121,5,5,1,1
121,6,9,1,1
121,7,15,1,1
121,8,7,1,1
121,9,6,1,1
121,10,0,1,1
121,11,11,1,1
122,0,1,1,1
122,1,12,1,1
122,2,1,1,1
122,3,8,1,1
122,4,13,1,1
122,5,5,1,1
122,6,16,1,1
122,7,13,1,1
122,8,1,1,1
122,9,6,1,1
122,10,0,1,1
122,11,14,1,1
123,0,2,1,1
123,1,7,1,1
123,2,1,1,1
123,3,5,1,1
123,4,9,1,1
123,5,6,1,1
123,6,5,1,1
123,7,10,1,1
123,8,1,1,1
123,9,7,1,1
123,10,0,1,1
123,11,9,1,1
124,0,0,1,1
124,1,10,1,1
124,2,1,1,1
124,3,2,1,1
124,4,16,1,1
124,5,7,1,1
124,6,7,1,1
124,7,5,1,1
124,8,2,1,1
124,9,7,1,1
124,10,0,1,1
124,11,8,1,1
125,0,1,1,1
125,1,6,1,1
125,2,0,1,1
125,3,2,1,1
125,4,10,1,1
125,5,2,1,1
125,6,4,1,1
125,7,9,1,1
125,8,2,1,1
125,9,2,1,1
125,10,0,1,1
125,11,4,1,1
126,0,0,1,1
126,1,6,1,1
126,2,1,1,1
126,3,3,1,1
126,4,9,1,1
126,5,2,1,1
126,6,3,1,1
126,7,7,1,1
126,8,4,1,1
126,9,3,1,1
126,10,0,1,1
126,11,3,1,1
127,0,4,1,1
127,1,4,1,1
127,2,1,1,1
127,3,3,1,1
127,4,9,1,1
127,5,2,1,1
127,6,4,1,1
127,7,6,1,1
127,8,2,1,1
127,9,5,1,1
127,10,0,1,1
127,11,2,1,1
128,0,2,1,1
128,1,4,1,1
128,2,0,1,1
128,3,4,1,1
128,4,8,1,1
128,5,2,1,1
128,6,5,1,1
128,7,1,1,1
128,8,2,1,1
128,9,3,1,1
128,10,0,1,1
128,11,4,1,1
129,0,2,1,1
129,1,1,1,1
129,2,1,1,1
129,3,2,1,1
129,4,10,1,1
129,5,0,1,1
129,6,1,1,1
129,7,5,1,1
129,8,3,1,1
129,9,5,1,1
129,10,0,1,1
129,11,2,1,1
130,0,2,1,1
130,1,3,1,1
130,2,2,1,1
130,3,4,1,1
130,4,7,1,1
130,5,4,1,1
130,6,6,1,1
130,7,4,1,1
130,8,0,1,1
130,9,1,1,1
130,10,0,1,1
130,11,4,1,1
131,0,0,1,1
131,1,8,1,1
131,2,2,1,1
131,3,2,1,1
131,4,3,1,1
131,5,8,1,1
131,6,2,1,1
131,7,3,1,1
131,8,0,1,1
131,9,7,1,1
131,10,0,1,1
131,11,2,1,1
132,0,0,1,1
132,1,4,1,1
132,2,0,1,1
132,3,4,1,1
132,4,2,1,1
132,5,1,1,1
132,6,3,1,1
132,7,4,1,1
132,8,2,1,1
132,9,1,1,1
132,10,0,1,1
132,11,2,1,1
133,0,0,1,1
133,1,1,1,1
133,2,1,1,1
133,3,1,1,1
133,4,1,1,1
133,5,1,1,1
133,6,3,1,1
133,7,3,1,1
133,8,3,1,1
133,9,3,1,1
133,10,0,1,1
133,11,3,1,1
134,0,0,1,1
134,1,3,1,1
134,2,2,1,1
134,3,3,1,1
134,4,2,1,1
134,5,0,1,1
134,6,1,1,1
134,7,3,1,1
134,8,3,1,1
134,9,0,1,1
134,10,0,1,1
134,11,1,1,1
135,0,2,1,1
135,1,0,1,1
135,2,1,1,1
135,3,2,1,1
135,4,2,1,1
135,5,0,1,1
135,6,1,1,1
135,7,0,1,1
135,8,1,1,1
135,9,1,1,1
135,10,0,1,1
135,11,2,1,1
136,0,0,1,1
136,1,7,1,1
136,2,0,1,1
136,3,3,1,1
136,4,6,1,1
136,5,2,1,1
136,6,3,1,1
136,7,1,1,1
136,8,0,1,1
136,9,1,1,1
136,10,0,1,1
136,11,1,1,1
137,0,0,1,1
137,1,5,1,1
137,2,0,1,1
137,3,3,1,1
137,4,3,1,1
137,5,1,1,1
137,6,3,1,1
137,7,5,1,1
137,8,0,1,1
137,9,3,1,1
137,10,0,1,1
137,11,3,1,1
138,0,0,1,1
138,1,3,1,1
138,2,1,1,1
138,3,2,1,1
138,4,2,1,1
138,5,2,1,1
138,6,3,1,1
138,7,3,1,1
138,8,0,1,1
138,9,3,1,1
138,10,0,1,1
138,11,3,1,1
139,0,0,1,1
139,1,4,1,1
139,2,0,1,1
139,3,2,1,1
139,4,2,1,1
139,5,1,1,1
139,6,2,1,1
139,7,3,1,1
139,8,0,1,1
139,9,2,1,1
139,10,0,1,1
139,11,1,1,1
140,0,0,1,1
140,1,1,1,1
140,2,0,1,1
140,3,3,1,1
140,4,3,1,1
140,5,0,1,1
140,6,2,1,1
140,7,0,1,1
140,8,0,1,1
140,9,1,1,1
140,10,0,1,1
140,11,2,1,1
141,0,0,1,1
141,1,1,1,1
141,2,0,1,1
141,3,3,1,1
141,4,3,1,1
141,5,0,1,1
141,6,1,1,1
141,7,1,1,1
141,8,0,1,1
141,9,0,1,1
141,10,0,1,1
141,11,1,1,1
142,0,0,1,1
142,1,2,1,1
142,2,0,1,1
142,3,2,1,1
142,4,5,1,1
142,5,1,1,1
142,6,3,1,1
142,7,4,1,1
142,8,1,1,1
142,9,0,1,1
142,10,0,1,1
142,11,3,1,1
143,0,1,1,1
143,1,1,1,1
143,2,1,1,1
143,3,1,1,1
143,4,0,1,1
143,5,2,1,1
143,6,1,1,1
143,7,1,1,1
143,8,2,1,1
143,9,1,1,1
143,10,0,1,1
143,11,2,1,1
144,0,1,1,1
144,1,2,1,1
144,2,0,1,1
144,3,0,1,1
144,4,2,1,1
144,5,2,1,1
144,6,1,1,1
144,7,2,1,1
144,8,0,1,1
144,9,3,1,1
144,10,0,1,1
144,11,2,1,1
145,0,0,1,1
145,1,4,1,1
145,2,0,1,1
145,3,1,1,1
145,4,2,1,1
145,5,1,1,1
145,6,0,1,1
145,7,3,1,1
145,8,2,1,1
145,9,1,1,1
145,10,0,1,1
145,11,3,1,1
146,0,0,1,1
146,1,1,1,1
146,2,1,1,1
146,3,0,1,1
146,4,3,1,1
146,5,0,1,1
146,6,0,1,1
146,7,0,1,1
146,8,1,1,1
146,9,1,1,1
146,10,0,1,1
146,11,0,1,1
147,0,0,1,1
147,1,2,1,1
147,2,1,1,1
147,3,1,1,1
147,4,2,1,1
147,5,0,1,1
147,6,2,1,1
147,7,0,1,1
147,8,0,1,1
147,9,0,1,1
147,10,0,1,1
147,11,0,1,1
148,0,1,1,1
148,1,3,1,1
148,2,0,1,1
148,3,1,1,1
148,4,7,1,1
148,5,1,1,1
148,6,2,1,1
148,7,4,1,1
148,8,0,1,1
148,9,0,1,1
148,10,0,1,1
148,11,3,1,1
149,0,0,1,1
149,1,6,1,1
149,2,1,1,1
149,3,0,1,1
149,4,1,1,1
149,5,2,1,1
149,6,0,1,1
149,7,6,1,1
149,8,1,1,1
149,9,1,1,1
149,10,0,1,1
149,11,1,1,1
150,0,0,1,1
150,1,4,1,1
150,2,0,1,1
150,3,1,1,1
150,4,5,1,1
150,5,0,1,1
150,6,1,1,1
150,7,7,1,1
150,8,1,1,1
150,9,0,1,1
150,10,0,1,1
150,11,0,1,1
151,0,0,1,1
151,1,6,1,1
151,2,1,1,1
151,3,2,1,1
151,4,7,1,1
151,5,2,1,1
151,6,1,1,1
151,7,3,1,1
151,8,1,1,1
151,9,1,1,1
151,10,0,1,1
151,11,2,1,1
152,0,3,1,1
152,1,6,1,1
152,2,4,1,1
152,3,4,1,1
152,4,7,1,1
152,5,1,1,1
152,6,2,1,1
152,7,5,1,1
152,8,0,1,1
152,9,0,1,1
152,10,0,1,1
152,11,3,1,1
153,0,0,1,1
153,1,16,1,1
153,2,4,1,1
153,3,2,1,1
153,4,10,1,1
153,5,3,1,1
153,6,4,1,1
153,7,10,1,1
153,8,0,1,1
153,9,5,1,1
153,10,0,1,1
153,11,5,1,1
154,0,3,1,1
154,1,8,1,1
154,2,3,1,1
154,3,2,1,1
154,4,9,1,1
154,5,4,1,1
154,6,2,1,1
154,7,9,1,1
154,8,1,1,1
154,9,5,1,1
154,10,0,1,1
154,11,2,1,1
155,0,4,1,1
155,1,13,1,1
155,2,5,1,1
155,3,4,1,1
155,4,5,1,1
155,5,5,1,1
155,6,6,1,1
155,7,13,1,1
155,8,2,1,1
155,9,6,1,1
155,10,0,1,1
155,11,1,1,1
156,0,0,1,1
156,1,18,1,1
156,2,5,1,1
156,3,5,1,1
156,4,23,1,1
156,5,8,1,1
156,6,4,1,1
156,7,15,1,1
156,8,1,1,1
156,9,10,1,1
156,10,0,1,1
156,11,4,1,1
157,0,1,1,1
157,1,15,1,1
157,2,5,1,1
157,3,9,1,1
157,4,10,1,1
157,5,7,1,1
157,6,9,1,1
157,7,24,1,1
157,8,1,1,1
157,9,7,1,1
157,10,0,1,1
157,11,9,1,1
158,0,1,1,1
158,1,31,1,1
158,2,13,1,1
158,3,10,1,1
158,4,27,1,1
158,5,11,1,1
158,6,8,1,1
158,7,26,1,1
158,8,3,1,1
158,9,16,1,1
158,10,0,1,1
158,11,7,1,1
159,0,2,1,1
159,1,24,1,1
159,2,15,1,1
159,3,15,1,1
159,4,28,1,1
159,5,7,1,1
159,6,15,1,1
159,7,30,1,1
159,8,8,1,1
159,9,12,1,1
159,10,0,1,1
159,11,13,1,1
160,0,8,1,1
160,1,48,1,1
160,2,13,1,1
160,3,14,1,1
160,4,27,1,1
160,5,14,1,1
160,6,19,1,1
160,7,35,1,1
160,8,3,1,1
160,9,16,1,1
160,10,0,1,1
160,11,8,1,1
161,0,3,1,1
161,1,45,1,1
161,2,16,1,1
161,3,15,1,1
161,4,35,1,1
161,5,13,1,1
161,6,18,1,1
161,7,34,1,1
161,8,4,1,1
161,9,16,1,1
161,10,0,1,1
161,11,17,1,1
162,0,7,1,1
162,1,54,1,1
162,2,9,1,1
162,3,19,1,1
162,4,27,1,1
162,5,26,1,1
162,6,18,1,1
162,7,40,1,1
162,8,12,1,1
162,9,28,1,1
162,10,0,1,1
162,11,27,1,1
163,0,4,1,1
163,1,51,1,1
163,2,12,1,1
163,3,17,1,1
163,4,27,1,1
163,5,21,1,1
163,6,14,1,1
163,7,37,1,1
163,8,4,1,1
163,9,23,1,1
163,10,0,1,1
163,11,16,1,1
164,0,6,1,1
164,1,56,1,1
164,2,20,1,1
164,3,19,1,1
164,4,26,1,1
164,5,27,1,1
164,6,18,1,1
164,7,57,1,1
164,8,7,1,1
164,9,32,1,1
164,10,0,1,1
164,11,15,1,1
165,0,7,1,1
165,1,61,1,1
165,2,16,1,1
165,3,29,1,1
165,4,31,1,1
165,5,30,1,1
165,6,28,1,1
165,7,46,1,1
165,8,9,1,1
165,9,30,1,1
165,10,0,1,1
165,11,24,1,1
166,0,6,1,1
166,1,65,1,1
166,2,17,1,1
166,3,24,1,1
166,4,36,1,1
166,5,18,1,1
166,6,23,1,1
166,7,60,1,1
166,8,9,1,1
166,9,28,1,1
166,10,0,1,1
166,11,22,1,1
167,0,10,1,1
167,1,64,1,1
167,2,19,1,1
167,3,31,1,1
167,4,32,1,1
167,5,27,1,1
167,6,29,1,1
167,7,67,1,1
167,8,12,1,1
167,9,27,1,1
167,10,0,1,1
167,11,22,1,1
168,0,11,1,1
168,1,72,1,1
168,2,27,1,1
168,3,37,1,1
168,4,37,1,1
168,5,31,1,1
168,6,34,1,1
168,7,72,1,1
168,8,10,1,1
168,9,41,1,1
168,10,0,1,1
168,11,28,1,1
169,0,13,1,1
169,1,91,1,1
169,2,17,1,1
169,3,42,1,1
169,4,40,1,1
169,5,41,1,1
169,6,44,1,1
169,7,95,1,1
169,8,20,1,1
169,9,52,1,1
169,10,0,1,1
169,11,45,1,1
170,0,9,1,1
170,1,78,1,1
170,2,29,1,1
170,3,35,1,1
170,4,46,1,1
170,5,35,1,1
170,6,34,1,1
170,7,91,1,1
170,8,20,1,1
170,9,41,1,1
170,10,0,1,1
170,11,45,1,1
171,0,12,1,1
171,1,74,1,1
171,2,22,1,1
171,3,46,1,1
171,4,58,1,1
171,5,50,1,1
171,6,40,1,1
171,7,85,1,1
171,8,19,1,1
171,9,58,1,1
171,10,0,1,1
171,11,34,1,1
172,0,16,1,1
172,1,87,1,1
172,2,21,1,1
172,3,38,1,1
172,4,58,1,1
172,5,51,1,1
172,6,40,1,1
172,7,72,1,1
172,8,26,1,1
172,9,60,1,1
172,10,0,1,1
172,11,46,1,1
173,0,10,1,1
173,1,72,1,1
173,2,26,1,1
173,3,45,1,1
173,4,61,1,1
173,5,36,1,1
173,6,40,1,1
173,7,74,1,1
173,8,25,1,1
173,9,41,1,1
173,10,0,1,1
173,11,44,1,1
174,0,17,1,1
174,1,78,1,1
174,2,19,1,1
174,3,42,1,1
174,4,48,1,1
174,5,36,1,1
174,6,44,1,1
174,7,68,1,1
174,8,20,1,1
174,9,53,1,1
174,10,0,1,1
174,11,52,1,1
175,0,11,1,1
175,1,75,1,1
175,2,17,1,1
175,3,42,1,1
175,4,62,1,1
175,5,31,1,1
175,6,44,1,1
175,7,69,1,1
175,8,22,1,1
175,9,46,1,1
175,10,0,1,1
175,11,58,1,1
176,0,17,1,1
176,1,77,1,1
176,2,15,1,1
176,3,38,1,1
176,4,50,1,1
176,5,31,1,1
176,6,39,1,1
176,7,76,1,1
176,8,22,1,1
176,9,51,1,1
176,10,0,1,1
176,11,36,1,1
177,0,11,1,1
177,1,74,1,1
177,2,19,1,1
177,3,39,1,1
177,4,56,1,1
177,5,36,1,1
177,6,46,1,1
177,7,71,1,1
177,8,22,1,1
177,9,48,1,1
177,10,0,1,1
177,11,56,1,1
178,0,12,1,1
178,1,77,1,1
178,2,18,1,1
178,3,51,1,1
178,4,61,1,1
178,5,41,1,1
178,6,44,1,1
178,7,75,1,1
178,8,27,1,1
178,9,67,1,1
178,10,0,1,1
178,11,55,1,1
179,0,15,1,1
179,1,77,1,1
179,2,18,1,1
179,3,41,1,1
179,4,66,1,1
179,5,32,1,1
179,6,43,1,1
179,7,105,1,1
179,8,27,1,1
179,9,49,1,1
179,10,0,1,1
179,11,52,1,1
180,0,12,1,1
180,1,92,1,1
180,2,13,1,1
180,3,49,1,1
180,4,71,1,1
180,5,31,1,1
180,6,44,1,1
180,7,93,1,1
180,8,19,1,1
180,9,54,1,1
180,10,0,1,1
180,11,62,1,1
181,0,15,1,1
181,1,94,1,1
181,2,17,1,1
181,3,53,1,1
181,4,39,1,1
181,5,44,1,1
181,6,48,1,1
181,7,94,1,1
181,8,30,1,1
181,9,60,1,1
181,10,0,1,1
181,11,56,1,1
182,0,10,1,1
182,1,115,1,1
182,2,21,1,1
182,3,57,1,1
182,4,74,1,1
182,5,51,1,1
182,6,54,1,1
182,7,93,1,1
182,8,39,1,1
182,9,69,1,1
182,10,0,1,1
182,11,71,1,1
183,0,14,1,1
183,1,80,1,1
183,2,19,1,1
183,3,49,1,1
183,4,82,1,1
183,5,35,1,1
183,6,34,1,1
183,7,83,1,1
183,8,35,1,1
183,9,53,1,1
183,10,0,1,1
183,11,44,1,1
184,0,8,1,1
184,1,102,1,1
184,2,18,1,1
184,3,56,1,1
184,4,59,1,1
184,5,41,1,1
184,6,47,1,1
184,7,110,1,1
184,8,22,1,1
184,9,68,1,1
184,10,0,1,1
184,11,55,1,1
185,0,12,1,1
185,1,89,1,1
185,2,23,1,1
185,3,60,1,1
185,4,59,1,1
185,5,52,1,1
185,6,51,1,1
185,7,87,1,1
185,8,30,1,1
185,9,58,1,1
185,10,0,1,1
185,11,61,1,1
186,0,18,1,1
186,1,109,1,1
186,2,23,1,1
186,3,46,1,1
186,4,77,1,1
186,5,42,1,1
186,6,40,1,1
186,7,99,1,1
186,8,25,1,1
186,9,71,1,1
186,10,0,1,1
186,11,50,1,1
187,0,12,1,1
187,1,97,1,1
187,2,17,1,1
187,3,45,1,1
187,4,80,1,1
187,5,43,1,1
187,6,55,1,1
187,7,97,1,1
187,8,25,1,1
187,9,60,1,1
187,10,0,1,1
187,11,55,1,1
188,0,11,1,1
188,1,100,1,1
188,2,28,1,1
188,3,52,1,1
188,4,67,1,1
188,5,31,1,1
188,6,52,1,1
188,7,88,1,1
188,8,24,1,1
188,9,64,1,1
188,10,0,1,1
188,11,70,1,1
189,0,22,1,1
189,1,90,1,1
189,2,22,1,1
189,3,68,1,1
189,4,69,1,1
189,5,44,1,1
189,6,69,1,1
189,7,92,1,1
189,8,25,1,1
189,9,68,1,1
189,10,0,1,1
189,11,90,1,1
190,0,17,1,1
190,1,78,1,1
190,2,28,1,1
190,3,54,1,1
190,4,55,1,1
190,5,37,1,1
190,6,67,1,1
190,7,96,1,1
190,8,22,1,1
190,9,73,1,1
190,10,0,1,1
190,11,82,1,1
191,0,11,1,1
191,1,115,1,1
191,2,17,1,1
191,3,64,1,1
191,4,72,1,1
191,5,51,1,1
191,6,65,1,1
191,7,88,1,1
191,8,39,1,1
191,9,67,1,1
191,10,0,1,1
191,11,82,1,1
192,0,20,1,1
192,1,100,1,1
192,2,21,1,1
192,3,64,1,1
192,4,72,1,1
192,5,55,1,1
192,6,60,1,1
192,7,142,1,1
192,8,28,1,1
192,9,75,1,1
192,10,0,1,1
192,11,74,1,1
193,0,22,1,1
193,1,118,1,1
193,2,23,1,1
193,3,57,1,1
193,4,90,1,1
193,5,56,1,1
193,6,64,1,1
193,7,102,1,1
193,8,26,1,1
193,9,75,1,1
193,10,0,1,1
193,11,79,1,1
194,0,17,1,1
194,1,109,1,1
194,2,26,1,1
194,3,64,1,1
194,4,78,1,1
194,5,53,1,1
194,6,48,1,1
194,7,115,1,1
194,8,33,1,1
194,9,72,1,1
194,10,0,1,1
194,11,63,1,1
195,0,22,1,1
195,1,122,1,1
195,2,28,1,1
195,3,58,1,1
195,4,86,1,1
195,5,54,1,1
195,6,68,1,1
195,7,145,1,1
195,8,27,1,1
195,9,59,1,1
195,10,0,1,1
195,11,91,1,1
196,0,18,1,1
196,1,114,1,1
196,2,18,1,1
196,3,66,1,1
196,4,82,1,1
196,5,56,1,1
196,6,72,1,1
196,7,125,1,1
196,8,32,1,1
196,9,92,1,1
196,10,0,1,1
196,11,89,1,1
197,0,19,1,1
197,1,112,1,1
197,2,19,1,1
197,3,60,1,1
197,4,81,1,1
197,5,57,1,1
197,6,52,1,1
197,7,137,1,1
197,8,32,1,1
197,9,72,1,1
197,10,0,1,1
197,11,82,1,1
198,0,17,1,1
198,1,113,1,1
198,2,27,1,1
198,3,72,1,1
198,4,78,1,1
198,5,47,1,1
198,6,54,1,1
198,7,107,1,1
198,8,36,1,1
198,9,68,1,1
198,10,0,1,1
198,11,74,1,1
199,0,28,1,1
199,1,121,1,1
199,2,28,1,1
199,3,74,1,1
199,4,89,1,1
199,5,73,1,1
199,6,73,1,1
199,7,107,1,1
199,8,39,1,1
199,9,82,1,1
199,10,0,1,1
199,11,90,1,1
200,0,17,1,1
200,1,104,1,1
200,2,36,1,1
200,3,80,1,1
200,4,81,1,1
200,5,73,1,1
200,6,70,1,1
200,7,108,1,1
200,8,40,1,1
200,9,82,1,1
200,10,0,1,1
200,11,86,1,1
201,0,9,1,1
201,1,117,1,1
201,2,22,1,1
201,3,51,1,1
201,4,100,1,1
201,5,55,1,1
201,6,48,1,1
201,7,95,1,1
201,8,41,1,1
201,9,93,1,1
201,10,0,1,1
201,11,61,1,1
202,0,26,1,1
202,1,108,1,1
202,2,21,1,1
202,3,56,1,1
202,4,96,1,1
202,5,50,1,1
202,6,65,1,1
202,7,99,1,1
202,8,23,1,1
202,9,80,1,1
202,10,0,1,1
202,11,92,1,1
203,0,13,1,1
203,1,125,1,1
203,2,19,1,1
203,3,55,1,1
203,4,90,1,1
203,5,59,1,1
203,6,77,1,1
203,7,124,1,1
203,8,38,1,1
203,9,86,1,1
203,10,0,1,1
203,11,81,1,1
204,0,20,1,1
204,1,125,1,1
204,2,15,1,1
204,3,64,1,1
204,4,84,1,1
204,5,62,1,1
204,6,78,1,1
204,7,122,1,1
204,8,30,1,1
204,9,79,1,1
204,10,0,1,1
204,11,90,1,1
205,0,22,1,1
205,1,109,1,1
205,2,18,1,1
205,3,72,1,1
205,4,82,1,1
205,5,59,1,1
205,6,84,1,1
205,7,100,1,1
205,8,39,1,1
205,9,75,1,1
205,10,0,1,1
205,11,82,1,1
206,0,22,1,1
206,1,104,1,1
206,2,27,1,1
206,3,64,1,1
206,4,76,1,1
206,5,56,1,1
206,6,82,1,1
206,7,94,1,1
206,8,34,1,1
206,9,81,1,1
206,10,0,1,1
206,11,81,1,1
207,0,20,1,1
207,1,107,1,1
207,2,23,1,1
207,3,73,1,1
207,4,80,1,1
207,5,65,1,1
207,6,81,1,1
207,7,104,1,1
207,8,34,1,1
207,9,75,1,1
207,10,0,1,1
207,11,98,1,1
208,0,13,1,1
208,1,112,1,1
208,2,19,1,1
208,3,68,1,1
208,4,80,1,1
208,5,52,1,1
208,6,80,1,1
208,7,104,1,1
208,8,43,1,1
208,9,79,1,1
208,10,0,1,1
208,11,82,1,1
209,0,21,1,1
209,1,93,1,1
209,2,19,1,1
209,3,50,1,1
209,4,77,1,1
209,5,50,1,1
209,6,66,1,1
209,7,88,1,1
209,8,32,1,1
209,9,76,1,1
209,10,0,1,1
209,11,68,1,1
210,0,27,1,1
210,1,101,1,1
210,2,20,1,1
210,3,72,1,1
210,4,93,1,1
210,5,58,1,1
210,6,76,1,1
210,7,111,1,1
210,8,45,1,1
210,9,70,1,1
210,10,0,1,1
210,11,110,1,1
211,0,25,1,1
211,1,100,1,1
211,2,29,1,1
211,3,80,1,1
211,4,100,1,1
211,5,56,1,1
211,6,80,1,1
211,7,90,1,1
211,8,40,1,1
211,9,95,1,1
211,10,0,1,1
211,11,99,1,1
212,0,27,1,1
212,1,89,1,1
212,2,14,1,1
212,3,78,1,1
212,4,96,1,1
212,5,53,1,1
212,6,82,1,1
212,7,107,1,1
212,8,42,1,1
212,9,62,1,1
212,10,0,1,1
212,11,108,1,1
213,0,21,1,1
213,1,109,1,1
213,2,19,1,1
213,3,64,1,1
213,4,119,1,1
213,5,63,1,1
213,6,73,1,1
213,7,108,1,1
213,8,49,1,1
213,9,80,1,1
213,10,0,1,1
213,11,84,1,1
214,0,27,1,1
214,1,84,1,1
214,2,21,1,1
214,3,77,1,1
214,4,100,1,1
214,5,48,1,1
214,6,85,1,1
214,7,104,1,1
214,8,42,1,1
214,9,57,1,1
214,10,0,1,1
214,11,99,1,1
215,0,22,1,1
215,1,90,1,1
215,2,22,1,1
215,3,56,1,1
215,4,102,1,1
215,5,48,1,1
215,6,59,1,1
215,7,119,1,1
215,8,33,1,1
215,9,77,1,1
215,10,0,1,1
215,11,110,1,1
216,0,25,1,1
216,1,103,1,1
216,2,16,1,1
216,3,68,1,1
216,4,88,1,1
216,5,63,1,1
216,6,78,1,1
216,7,117,1,1
216,8,29,1,1
216,9,105,1,1
216,10,0,1,1
216,11,93,1,1
217,0,23,1,1
217,1,90,1,1
217,2,22,1,1
217,3,79,1,1
217,4,111,1,1
217,5,47,1,1
217,6,86,1,1
217,7,115,1,1
217,8,43,1,1
217,9,75,1,1
217,10,0,1,1
217,11,94,1,1
218,0,25,1,1
218,1,105,1,1
218,2,21,1,1
218,3,85,1,1
218,4,106,1,1
218,5,52,1,1
218,6,87,1,1
218,7,117,1,1
218,8,39,1,1
218,9,78,1,1
218,10,0,1,1
218,11,112,1,1
219,0,23,1,1
219,1,105,1,1
219,2,19,1,1
219,3,101,1,1
219,4,116,1,1
219,5,62,1,1
219,6,85,1,1
219,7,104,1,1
219,8,48,1,1
219,9,96,1,1
219,10,0,1,1
219,11,108,1,1
220,0,33,1,1
220,1,97,1,1
220,2,15,1,1
220,3,80,1,1
220,4,117,1,1
220,5,54,1,1
220,6,103,1,1
220,7,117,1,1
220,8,39,1,1
220,9,82,1,1
220,10,0,1,1
220,11,111,1,1
221,0,26,1,1
221,1,72,1,1
221,2,25,1,1
221,3,77,1,1
221,4,109,1,1
221,5,37,1,1
221,6,78,1,1
221,7,113,1,1
221,8,40,1,1
221,9,15,1,1
221,10,0,1,1
221,11,99,1,1
222,0,25,1,1
222,1,109,1,1
222,2,19,1,1
222,3,92,1,1
222,4,132,1,1
222,5,56,1,1
222,6,95,1,1
222,7,106,1,1
222,8,42,1,1
222,9,87,1,1
222,10,0,1,1
222,11,107,1,1
223,0,23,1,1
223,1,80,1,1
223,2,14,1,1
223,3,97,1,1
223,4,109,1,1
223,5,56,1,1
223,6,88,1,1
223,7,89,1,1
223,8,38,1,1
223,9,87,1,1
223,10,0,1,1
223,11,93,1,1
224,0,26,1,1
224,1,107,1,1
224,2,23,1,1
224,3,96,1,1
224,4,98,1,1
224,5,62,1,1
224,6,95,1,1
224,7,123,1,1
224,8,44,1,1
224,9,78,1,1
224,10,0,1,1
224,11,108,1,1
225,0,27,1,1
225,1,89,1,1
225,2,18,1,1
225,3,70,1,1
225,4,127,1,1
225,5,49,1,1
225,6,94,1,1
225,7,118,1,1
225,8,46,1,1
225,9,74,1,1
225,10,0,1,1
225,11,119,1,1
226,0,19,1,1
226,1,81,1,1
226,2,22,1,1
226,3,81,1,1
226,4,112,1,1
226,5,48,1,1
226,6,86,1,1
226,7,131,1,1
226,8,44,1,1
226,9,50,1,1
226,10,0,1,1
226,11,127,1,1
227,0,30,1,1
227,1,91,1,1
227,2,24,1,1
227,3,94,1,1
227,4,107,1,1
227,5,47,1,1
227,6,88,1,1
227,7,103,1,1
227,8,39,1,1
227,9,64,1,1
227,10,0,1,1
227,11,104,1,1
228,0,21,1,1
228,1,78,1,1
228,2,11,1,1
228,3,78,1,1
228,4,107,1,1
228,5,48,1,1
228,6,96,1,1
228,7,105,1,1
228,8,30,1,1
228,9,86,1,1
228,10,0,1,1
228,11,92,1,1
229,0,33,1,1
229,1,80,1,1
229,2,18,1,1
229,3,64,1,1
229,4,87,1,1
229,5,47,1,1
229,6,70,1,1
229,7,98,1,1
229,8,41,1,1
229,9,57,1,1
229,10,0,1,1
229,11,89,1,1
230,0,17,1,1
230,1,64,1,1
230,2,14,1,1
230,3,68,1,1
230,4,74,1,1
230,5,36,1,1
230,6,60,1,1
230,7,81,1,1
230,8,28,1,1
230,9,72,1,1
230,10,0,1,1
230,11,68,1,1
231,0,17,1,1
231,1,59,1,1
231,2,14,1,1
231,3,68,1,1
231,4,84,1,1
231,5,44,1,1
231,6,81,1,1
231,7,94,1,1
231,8,27,1,1
231,9,54,1,1
231,10,0,1,1
231,11,103,1,1
232,0,8,1,1
232,1,66,1,1
232,2,11,1,1
232,3,56,1,1
232,4,89,1,1
232,5,43,1,1
232,6,59,1,1
232,7,85,1,1
232,8,28,1,1
232,9,65,1,1
232,10,0,1,1
232,11,67,1,1
233,0,16,1,1
233,1,79,1,1
233,2,16,1,1
233,3,51,1,1
233,4,88,1,1
233,5,33,1,1
233,6,44,1,1
233,7,60,1,1
233,8,19,1,1
233,9,74,1,1
233,10,0,1,1
233,11,57,1,1
234,0,17,1,1
234,1,62,1,1
234,2,14,1,1
234,3,49,1,1
234,4,67,1,1
234,5,33,1,1
234,6,59,1,1
234,7,70,1,1
234,8,40,1,1
234,9,53,1,1
234,10,0,1,1
234,11,66,1,1
235,0,13,1,1
235,1,69,1,1
235,2,12,1,1
235,3,44,1,1
235,4,69,1,1
235,5,40,1,1
235,6,44,1,1
235,7,70,1,1
235,8,25,1,1
235,9,70,1,1
235,10,0,1,1
235,11,51,1,1
236,0,13,1,1
236,1,62,1,1
236,2,21,1,1
236,3,33,1,1
236,4,66,1,1
236,5,26,1,1
236,6,38,1,1
236,7,69,1,1
236,8,22,1,1
236,9,49,1,1
236,10,0,1,1
236,11,53,1,1
237,0,5,1,1
237,1,47,1,1
237,2,12,1,1
237,3,38,1,1
237,4,56,1,1
237,5,30,1,1
237,6,44,1,1
237,7,60,1,1
237,8,31,1,1
237,9,42,1,1
237,10,0,1,1
237,11,50,1,1
238,0,11,1,1
238,1,57,1,1
238,2,7,1,1
238,3,41,1,1
238,4,74,1,1
238,5,42,1,1
238,6,46,1,1
238,7,60,1,1
238,8,28,1,1
238,9,49,1,1
238,10,0,1,1
238,11,56,1,1
239,0,10,1,1
239,1,64,1,1
239,2,4,1,1
239,3,55,1,1
239,4,51,1,1
239,5,40,1,1
239,6,52,1,1
239,7,57,1,1
239,8,15,1,1
239,9,44,1,1
239,10,0,1,1
239,11,59,1,1
240,0,15,1,1
240,1,27,1,1
240,2,9,1,1
240,3,37,1,1
240,4,62,1,1
240,5,25,1,1
240,6,44,1,1
240,7,64,1,1
240,8,16,1,1
240,9,31,1,1
240,10,0,1,1
240,11,53,1,1
241,0,4,1,1
241,1,31,1,1
241,2,6,1,1
241,3,41,1,1
241,4,63,1,1
241,5,24,1,1
241,6,42,1,1
241,7,63,1,1
241,8,18,1,1
241,9,43,1,1
241,10,0,1,1
241,11,64,1,1
242,0,13,1,1
242,1,45,1,1
242,2,9,1,1
242,3,17,1,1
242,4,51,1,1
242,5,33,1,1
242,6,30,1,1
242,7,50,1,1
242,8,12,1,1
242,9,55,1,1
242,10,0,1,1
242,11,49,1,1
243,0,8,1,1
243,1,53,1,1
243,2,6,1,1
243,3,31,1,1
243,4,47,1,1
243,5,30,1,1
243,6,37,1,1
243,7,56,1,1
243,8,22,1,1
243,9,45,1,1
243,10,0,1,1
243,11,44,1,1
244,0,13,1,1
244,1,54,1,1
244,2,4,1,1
244,3,28,1,1
244,4,52,1,1
244,5,24,1,1
244,6,33,1,1
244,7,66,1,1
244,8,10,1,1
244,9,44,1,1
244,10,0,1,1
244,11,47,1,1
245,0,9,1,1
245,1,40,1,1
245,2,7,1,1
245,3,29,1,1
245,4,50,1,1
245,5,24,1,1
245,6,27,1,1
245,7,49,1,1
245,8,21,1,1
245,9,38,1,1
245,10,0,1,1
245,11,40,1,1
246,0,11,1,1
246,1,51,1,1
246,2,14,1,1
246,3,29,1,1
246,4,45,1,1
246,5,31,1,1
246,6,35,1,1
246,7,51,1,1
246,8,9,1,1
246,9,55,1,1
246,10,0,1,1
246,11,41,1,1
247,0,10,1,1
247,1,46,1,1
247,2,6,1,1
247,3,27,1,1
247,4,38,1,1
247,5,39,1,1
247,6,29,1,1
247,7,58,1,1
247,8,19,1,1
247,9,46,1,1
247,10,0,1,1
247,11,35,1,1
248,0,10,1,1
248,1,49,1,1
248,2,10,1,1
248,3,31,1,1
248,4,40,1,1
248,5,38,1,1
248,6,28,1,1
248,7,40,1,1
248,8,14,1,1
248,9,35,1,1
248,10,0,1,1
248,11,46,1,1
249,0,5,1,1
249,1,39,1,1
249,2,9,1,1
249,3,29,1,1
249,4,47,1,1
249,5,25,1,1
249,6,31,1,1
249,7,52,1,1
249,8,5,1,1
249,9,39,1,1
249,10,0,1,1
249,11,46,1,1
250,0,3,1,1
250,1,43,1,1
250,2,7,1,1
250,3,25,1,1
250,4,39,1,1
250,5,22,1,1
250,6,32,1,1
250,7,53,1,1
250,8,13,1,1
250,9,37,1,1
250,10,0,1,1
250,11,38,1,1
251,0,11,1,1
251,1,38,1,1
251,2,4,1,1
251,3,27,1,1
251,4,48,1,1
251,5,16,1,1
251,6,27,1,1
251,7,38,1,1
251,8,15,1,1
251,9,37,1,1
251,10,0,1,1
251,11,27,1,1
252,0,5,1,1
252,1,29,1,1
252,2,2,1,1
252,3,19,1,1
252,4,32,1,1
252,5,11,1,1
252,6,23,1,1
252,7,42,1,1
252,8,8,1,1
252,9,31,1,1
252,10,0,1,1
252,11,33,1,1
253,0,4,1,1
253,1,23,1,1
253,2,1,1,1
253,3,18,1,1
253,4,30,1,1
253,5,18,1,1
253,6,21,1,1
253,7,31,1,1
253,8,11,1,1
253,9,25,1,1
253,10,0,1,1
253,11,28,1,1
254,0,4,1,1
254,1,29,1,1
254,2,4,1,1
254,3,24,1,1
254,4,35,1,1
254,5,11,1,1
254,6,27,1,1
254,7,28,1,1
254,8,14,1,1
254,9,24,1,1
254,10,0,1,1
254,11,34,1,1
255,0,8,1,1
255,1,25,1,1
255,2,11,1,1
255,3,24,1,1
255,4,36,1,1
255,5,15,1,1
255,6,33,1,1
255,7,30,1,1
255,8,8,1,1
255,9,25,1,1
255,10,0,1,1
255,11,22,1,1
256,0,11,1,1
256,1,34,1,1
256,2,3,1,1
256,3,17,1,1
256,4,42,1,1
256,5,9,1,1
256,6,26,1,1
256,7,40,1,1
256,8,15,1,1
256,9,21,1,1
256,10,0,1,1
256,11,33,1,1
257,0,3,1,1
257,1,18,1,1
257,2,3,1,1
257,3,18,1,1
257,4,29,1,1
257,5,15,1,1
257,6,18,1,1
257,7,25,1,1
257,8,14,1,1
257,9,22,1,1
257,10,0,1,1
257,11,25,1,1
258,0,6,1,1
258,1,24,1,1
258,2,3,1,1
258,3,23,1,1
258,4,24,1,1
258,5,15,1,1
258,6,20,1,1
258,7,22,1,1
258,8,9,1,1
258,9,23,1,1
258,10,0,1,1
258,11,24,1,1
259,0,2,1,1
259,1,19,1,1
259,2,6,1,1
259,3,12,1,1
259,4,30,1,1
259,5,10,1,1
259,6,16,1,1
259,7,18,1,1
259,8,12,1,1
259,9,25,1,1
259,10,0,1,1
259,11,28,1,1
260,0,4,1,1
260,1,24,1,1
260,2,0,1,1
260,3,11,1,1
260,4,23,1,1
260,5,9,1,1
260,6,13,1,1
260,7,29,1,1
260,8,9,1,1
260,9,17,1,1
260,10,0,1,1
260,11,13,1,1
261,0,5,1,1
261,1,14,1,1
261,2,3,1,1
261,3,16,1,1
261,4,18,1,1
261,5,13,1,1
261,6,14,1,1
261,7,17,1,1
261,8,1,1,1
261,9,16,1,1
261,10,0,1,1
261,11,16,1,1
262,0,1,1,1
262,1,20,1,1
262,2,0,1,1
262,3,10,1,1
262,4,18,1,1
262,5,11,1,1
262,6,11,1,1
262,7,17,1,1
262,8,6,1,1
262,9,16,1,1
262,10,0,1,1
262,11,17,1,1
263,0,6,1,1
263,1,10,1,1
263,2,1,1,1
263,3,13,1,1
263,4,24,1,1
263,5,9,1,1
263,6,10,1,1
263,7,12,1,1
263,8,1,1,1
263,9,9,1,1
263,10,0,1,1
263,11,8,1,1
264,0,1,1,1
264,1,9,1,1
264,2,3,1,1
264,3,10,1,1
264,4,18,1,1
264,5,5,1,1
264,6,9,1,1
264,7,14,1,1
264,8,1,1,1
264,9,10,1,1
264,10,0,1,1
264,11,13,1,1
265,0,4,1,1
265,1,10,1,1
265,2,0,1,1
265,3,8,1,1
265,4,12,1,1
265,5,6,1,1
265,6,10,1,1
265,7,5,1,1
265,8,2,1,1
265,9,9,1,1
265,10,0,1,1
265,11,8,1,1
266,0,1,1,1
266,1,12,1,1
266,2,1,1,1
266,3,6,1,1
266,4,16,1,1
266,5,4,1,1
266,6,5,1,1
266,7,14,1,1
266,8,1,1,1
266,9,4,1,1
266,10,0,1,1
266,11,8,1,1
267,0,2,1,1
267,1,6,1,1
267,2,0,1,1
267,3,8,1,1
267,4,6,1,1
267,5,2,1,1
267,6,6,1,1
267,7,13,1,1
267,8,1,1,1
267,9,5,1,1
267,10,0,1,1
267,11,8,1,1
268,0,0,1,1
268,1,5,1,1
268,2,1,1,1
268,3,5,1,1
268,4,10,1,1
268,5,2,1,1
268,6,7,1,1
268,7,7,1,1
268,8,1,1,1
268,9,4,1,1
268,10,0,1,1
268,11,11,1,1
269,0,1,1,1
269,1,4,1,1
269,2,0,1,1
269,3,6,1,1
269,4,4,1,1
269,5,2,1,1
269,6,4,1,1
269,7,5,1,1
269,8,1,1,1
269,9,6,1,1
269,10,0,1,1
269,11,5,1,1
270,0,1,1,1
270,1,9,1,1
270,2,1,1,1
270,3,4,1,1
270,4,8,1,1
270,5,6,1,1
270,6,4,1,1
270,7,6,1,1
270,8,6,1,1
270,9,3,1,1
270,10,0,1,1
270,11,5,1,1
271,0,1,1,1
271,1,1,1,1
271,2,0,1,1
271,3,4,1,1
271,4,5,1,1
271,5,4,1,1
271,6,2,1,1
271,7,5,1,1
271,8,2,1,1
271,9,3,1,1
271,10,0,1,1
271,11,1,1,1
272,0,2,1,1
272,1,3,1,1
272,2,2,1,1
272,3,3,1,1
272,4,3,1,1
272,5,4,1,1
272,6,2,1,1
272,7,3,1,1
272,8,1,1,1
272,9,1,1,1
272,10,0,1,1
272,11,2,1,1
273,0,2,1,1
273,1,4,1,1
273,2,1,1,1
273,3,1,1,1
273,4,7,1,1
273,5,1,1,1
273,6,2,1,1
273,7,7,1,1
273,8,2,1,1
273,9,0,1,1
273,10,0,1,1
273,11,3,1,1
274,0,0,1,1
274,1,3,1,1
274,2,0,1,1
274,3,2,1,1
274,4,4,1,1
274,5,2,1,1
274,6,2,1,1
274,7,3,1,1
274,8,0,1,1
274,9,2,1,1
274,10,0,1,1
274,11,4,1,1
275,0,0,1,1
275,1,0,1,1
275,2,1,1,1
275,3,0,1,1
275,4,4,1,1
275,5,3,1,1
275,6,0,1,1
275,7,5,1,1
275,8,1,1,1
275,9,2,1,1
275,10,0,1,1
275,11,2,1,1
276,0,1,1,1
276,1,6,1,1
276,2,1,1,1
276,3,0,1,1
276,4,6,1,1
276,5,5,1,1
276,6,3,1,1
276,7,2,1,1
276,8,0,1,1
276,9,3,1,1
276,10,0,1,1
276,11,1,1,1
277,0,0,1,1
277,1,3,1,1
277,2,0,1,1
277,3,1,1,1
277,4,2,1,1
277,5,1,1,1
277,6,1,1,1
277,7,4,1,1
277,8,1,1,1
277,9,1,1,1
277,10,0,1,1
277,11,5,1,1
278,0,1,1,1
278,1,2,1,1
278,2,1,1,1
278,3,1,1,1
278,4,3,1,1
278,5,0,1,1
278,6,2,1,1
278,7,3,1,1
278,8,2,1,1
278,9,0,1,1
278,10,0,1,1
278,11,3,1,1
279,0,1,1,1
279,1,3,1,1
279,2,1,1,1
279,3,2,1,1
279,4,1,1,1
279,5,1,1,1
279,6,2,1,1
279,7,3,1,1
279,8,0,1,1
279,9,3,1,1
279,10,0,1,1
279,11,2,1,1
280,0,0,1,1
280,1,0,1,1
280,2,0,1,1
280,3,1,1,1
280,4,3,1,1
280,5,0,1,1
280,6,1,1,1
280,7,1,1,1
280,8,0,1,1
280,9,1,1,1
280,10,0,1,1
280,11,1,1,1
281,0,1,1,1
281,1,1,1,1
281,2,0,1,1
281,3,2,1,1
281,4,1,1,1
281,5,1,1,1
281,6,2,1,1
281,7,2,1,1
281,8,0,1,1
281,9,0,1,1
281,10,0,1,1
281,11,3,1,1
282,0,0,1,1
282,1,1,1,1
282,2,0,1,1
282,3,3,1,1
282,4,0,1,1
282,5,2,1,1
282,6,3,1,1
282,7,1,1,1
282,8,1,1,1
282,9,1,1,1
282,10,0,1,1
282,11,4,1,1
283,0,0,1,1
283,1,3,1,1
283,2,0,1,1
283,3,0,1,1
283,4,2,1,1
283,5,1,1,1
283,6,1,1,1
283,7,1,1,1
283,8,0,1,1
283,9,4,1,1
283,10,0,1,1
283,11,0,1,1
284,0,0,1,1
284,1,3,1,1
284,2,0,1,1
284,3,0,1,1
284,4,2,1,1
284,5,1,1,1
284,6,0,1,1
284,7,2,1,1
284,8,0,1,1
284,9,0,1,1
284,10,0,1,1
284,11,0,1,1
285,0,0,1,1
285,1,2,1,1
285,2,1,1,1
285,3,2,1,1
285,4,3,1,1
285,5,0,1,1
285,6,0,1,1
285,7,3,1,1
285,8,1,1,1
285,9,0,1,1
285,10,0,1,1
285,11,2,1,1
286,0,0,1,1
286,1,0,1,1
286,2,2,1,1
286,3,4,1,1
286,4,5,1,1
286,5,0,1,1
286,6,5,1,1
286,7,2,1,1
286,8,1,1,1
286,9,2,1,1
286,10,0,1,1
286,11,7,1,1
287,0,1,1,1
287,1,3,1,1
287,2,0,1,1
287,3,1,1,1
287,4,0,1,1
287,5,2,1,1
287,6,1,1,1
287,7,1,1,1
287,8,1,1,1
287,9,3,1,1
287,10,0,1,1
287,11,1,1,1
288,0,0,1,1
288,1,0,1,1
288,2,0,1,1
288,3,1,1,1
288,4,3,1,1
288,5,0,1,1
288,6,0,1,1
288,7,1,1,1
288,8,1,1,1
288,9,1,1,1
288,10,0,1,1
288,11,0,1,1
289,0,1,1,1
289,1,4,1,1
289,2,0,1,1
289,3,1,1,1
289,4,2,1,1
289,5,2,1,1
289,6,1,1,1
289,7,5,1,1
289,8,1,1,1
289,9,1,1,1
289,10,0,1,1
289,11,0,1,1
290,0,0,1,1
290,1,3,1,1
290,2,1,1,1
290,3,0,1,1
290,4,3,1,1
290,5,1,1,1
290,6,0,1,1
290,7,6,1,1
290,8,0,1,1
290,9,2,1,1
290,10,0,1,1
290,11,2,1,1
291,0,1,1,1
291,1,2,1,1
291,2,0,1,1
291,3,1,1,1
291,4,4,1,1
291,5,0,1,1
291,6,1,1,1
291,7,6,1,1
291,8,1,1,1
291,9,1,1,1
291,10,0,1,1
291,11,0,1,1
292,0,2,1,1
292,1,3,1,1
292,2,1,1,1
292,3,0,1,1
292,4,3,1,1
292,5,1,1,1
292,6,2,1,1
292,7,3,1,1
292,8,0,1,1
292,9,0,1,1
292,10,0,1,1
292,11,0,1,1
293,0,1,1,1
293,1,6,1,1
293,2,0,1,1
293,3,2,1,1
293,4,4,1,1
293,5,3,1,1
293,6,3,1,1
293,7,6,1,1
293,8,1,1,1
293,9,3,1,1
293,10,0,1,1
293,11,4,1,1
294,0,0,1,1
294,1,9,1,1
294,2,2,1,1
294,3,3,1,1
294,4,4,1,1
294,5,3,1,1
294,6,1,1,1
294,7,4,1,1
294,8,2,1,1
294,9,2,1,1
294,10,0,1,1
294,11,2,1,1
295,0,1,1,1
295,1,12,1,1
295,2,3,1,1
295,3,2,1,1
295,4,8,1,1
295,5,3,1,1
295,6,3,1,1
295,7,8,1,1
295,8,3,1,1
295,9,3,1,1
295,10,0,1,1
295,11,1,1,1
296,0,1,1,1
296,1,11,1,1
296,2,3,1,1
296,3,5,1,1
296,4,12,1,1
296,5,1,1,1
296,6,6,1,1
296,7,10,1,1
296,8,3,1,1
296,9,1,1,1
296,10,0,1,1
296,11,5,1,1
297,0,3,1,1
297,1,13,1,1
297,2,6,1,1
297,3,3,1,1
297,4,8,1,1
297,5,2,1,1
297,6,7,1,1
297,7,14,1,1
297,8,1,1,1
297,9,3,1,1
297,10,0,1,1
297,11,5,1,1
298,0,1,1,1
298,1,13,1,1
298,2,7,1,1
298,3,4,1,1
298,4,14,1,1
298,5,4,1,1
298,6,6,1,1
298,7,16,1,1
298,8,3,1,1
298,9,5,1,1
298,10,0,1,1
298,11,3,1,1
299,0,4,1,1
299,1,23,1,1
299,2,7,1,1
299,3,9,1,1
299,4,23,1,1
299,5,4,1,1
299,6,9,1,1
299,7,28,1,1
299,8,2,1,1
299,9,3,1,1
299,10,0,1,1
299,11,5,1,1
300,0,4,1,1
300,1,30,1,1
300,2,11,1,1
300,3,13,1,1
300,4,31,1,1
300,5,7,1,1
300,6,15,1,1
300,7,34,1,1
300,8,4,1,1
300,9,18,1,1
300,10,0,1,1
300,11,21,1,1
301,0,2,1,1
301,1,48,1,1
301,2,17,1,1
301,3,17,1,1
301,4,33,1,1
301,5,18,1,1
301,6,19,1,1
301,7,49,1,1
301,8,2,1,1
301,9,22,1,1
301,10,0,1,1
301,11,16,1,1
302,0,3,1,1
302,1,51,1,1
302,2,16,1,1
302,3,29,1,1
302,4,41,1,1
302,5,17,1,1
302,6,24,1,1
302,7,42,1,1
302,8,12,1,1
302,9,21,1,1
302,10,0,1,1
302,11,23,1,1
303,0,7,1,1
303,1,62,1,1
303,2,18,1,1
303,3,17,1,1
303,4,44,1,1
303,5,25,1,1
303,6,15,1,1
303,7,59,1,1
303,8,11,1,1
303,9,32,1,1
303,10,0,1,1
303,11,18,1,1
304,0,6,1,1
304,1,65,1,1
304,2,9,1,1
304,3,22,1,1
304,4,49,1,1
304,5,29,1,1
304,6,24,1,1
304,7,66,1,1
304,8,17,1,1
304,9,39,1,1
304,10,0,1,1
304,11,24,1,1
305,0,21,1,1
305,1,98,1,1
305,2,17,1,1
305,3,29,1,1
305,4,71,1,1
305,5,44,1,1
305,6,35,1,1
305,7,80,1,1
305,8,14,1,1
305,9,50,1,1
305,10,0,1,1
305,11,43,1,1
306,0,13,1,1
306,1,98,1,1
306,2,36,1,1
306,3,31,1,1
306,4,54,1,1
306,5,55,1,1
306,6,41,1,1
306,7,113,1,1
306,8,24,1,1
306,9,63,1,1
306,10,0,1,1
306,11,46,1,1
307,0,12,1,1
307,1,131,1,1
307,2,41,1,1
307,3,45,1,1
307,4,62,1,1
307,5,72,1,1
307,6,49,1,1
307,7,108,1,1
307,8,28,1,1
307,9,89,1,1
307,10,0,1,1
307,11,56,1,1
308,0,19,1,1
308,1,151,1,1
308,2,41,1,1
308,3,50,1,1
308,4,96,1,1
308,5,74,1,1
308,6,45,1,1
308,7,149,1,1
308,8,25,1,1
308,9,75,1,1
308,10,0,1,1
308,11,45,1,1
309,0,26,1,1
309,1,167,1,1
309,2,40,1,1
309,3,51,1,1
309,4,106,1,1
309,5,70,1,1
309,6,46,1,1
309,7,164,1,1
309,8,26,1,1
309,9,101,1,1
309,10,0,1,1
309,11,51,1,1
310,0,19,1,1
310,1,155,1,1
310,2,43,1,1
310,3,47,1,1
310,4,94,1,1
310,5,80,1,1
310,6,45,1,1
310,7,152,1,1
310,8,26,1,1
310,9,84,1,1
310,10,0,1,1
310,11,53,1,1
311,0,11,1,1
311,1,144,1,1
311,2,38,1,1
311,3,40,1,1
311,4,85,1,1
311,5,68,1,1
311,6,42,1,1
311,7,132,1,1
311,8,25,1,1
311,9,84,1,1
311,10,0,1,1
311,11,46,1,1
312,0,14,1,1
312,1,151,1,1
312,2,50,1,1
312,3,57,1,1
312,4,68,1,1
312,5,53,1,1
312,6,44,1,1
312,7,119,1,1
312,8,21,1,1
312,9,77,1,1
312,10,0,1,1
312,11,39,1,1
313,0,12,1,1
313,1,123,1,1
313,2,36,1,1
313,3,48,1,1
313,4,69,1,1
313,5,58,1,1
313,6,51,1,1
313,7,125,1,1
313,8,25,1,1
313,9,71,1,1
313,10,0,1,1
313,11,61,1,1
314,0,12,1,1
314,1,118,1,1
314,2,27,1,1
314,3,52,1,1
314,4,62,1,1
314,5,52,1,1
314,6,48,1,1
314,7,90,1,1
314,8,17,1,1
314,9,64,1,1
314,10,0,1,1
314,11,47,1,1
315,0,17,1,1
315,1,96,1,1
315,2,27,1,1
315,3,52,1,1
315,4,49,1,1
315,5,35,1,1
315,6,44,1,1
315,7,80,1,1
315,8,25,1,1
315,9,52,1,1
315,10,0,1,1
315,11,44,1,1
316,0,11,1,1
316,1,103,1,1
316,2,20,1,1
316,3,40,1,1
316,4,54,1,1
316,5,40,1,1
316,6,33,1,1
316,7,72,1,1
316,8,27,1,1
316,9,71,1,1
316,10,0,1,1
316,11,50,1,1
317,0,15,1,1
317,1,96,1,1
317,2,18,1,1
317,3,54,1,1
317,4,59,1,1
317,5,38,1,1
317,6,47,1,1
317,7,81,1,1
317,8,23,1,1
317,9,64,1,1
317,10,0,1,1
317,11,40,1,1
318,0,10,1,1
318,1,100,1,1
318,2,14,1,1
318,3,47,1,1
318,4,45,1,1
318,5,53,1,1
318,6,40,1,1
318,7,89,1,1
318,8,34,1,1
318,9,56,1,1
318,10,0,1,1
318,11,49,1,1
319,0,10,1,1
319,1,88,1,1
319,2,16,1,1
319,3,36,1,1
319,4,55,1,1
319,5,45,1,1
319,6,34,1,1
319,7,89,1,1
319,8,19,1,1
319,9,51,1,1
319,10,0,1,1
319,11,51,1,1
320,0,28,1,1
320,1,85,1,1
320,2,18,1,1
320,3,35,1,1
320,4,64,1,1
320,5,38,1,1
320,6,43,1,1
320,7,75,1,1
320,8,30,1,1
320,9,47,1,1
320,10,0,1,1
320,11,39,1,1
321,0,13,1,1
321,1,81,1,1
321,2,20,1,1
321,3,48,1,1
321,4,65,1,1
321,5,38,1,1
321,6,39,1,1
321,7,84,1,1
321,8,26,1,1
321,9,48,1,1
321,10,0,1,1
321,11,46,1,1
322,0,12,1,1
322,1,84,1,1
322,2,17,1,1
322,3,43,1,1
322,4,58,1,1
322,5,60,1,1
322,6,45,1,1
322,7,72,1,1
322,8,13,1,1
322,9,51,1,1
322,10,0,1,1
322,11,49,1,1
323,0,17,1,1
323,1,90,1,1
323,2,22,1,1
323,3,54,1,1
323,4,53,1,1
323,5,43,1,1
323,6,44,1,1
323,7,83,1,1
323,8,19,1,1
323,9,70,1,1
323,10,0,1,1
323,11,46,1,1
324,0,21,1,1
324,1,86,1,1
324,2,21,1,1
324,3,54,1,1
324,4,57,1,1
324,5,38,1,1
324,6,50,1,1
324,7,81,1,1
324,8,20,1,1
324,9,58,1,1
324,10,0,1,1
324,11,57,1,1
325,0,9,1,1
325,1,96,1,1
325,2,17,1,1
325,3,45,1,1
325,4,54,1,1
325,5,39,1,1
325,6,43,1,1
325,7,97,1,1
325,8,21,1,1
325,9,46,1,1
325,10,0,1,1
325,11,50,1,1
326,0,11,1,1
326,1,97,1,1
326,2,25,1,1
326,3,61,1,1
326,4,72,1,1
326,5,34,1,1
326,6,62,1,1
326,7,88,1,1
326,8,24,1,1
326,9,43,1,1
326,10,0,1,1
326,11,67,1,1
327,0,16,1,1
327,1,83,1,1
327,2,18,1,1
327,3,48,1,1
327,4,73,1,1
327,5,41,1,1
327,6,56,1,1
327,7,69,1,1
327,8,36,1,1
327,9,47,1,1
327,10,0,1,1
327,11,66,1,1
328,0,17,1,1
328,1,104,1,1
328,2,20,1,1
328,3,49,1,1
328,4,65,1,1
328,5,57,1,1
328,6,48,1,1
328,7,67,1,1
328,8,28,1,1
328,9,49,1,1
328,10,0,1,1
328,11,51,1,1
329,0,14,1,1
329,1,86,1,1
329,2,19,1,1
329,3,51,1,1
329,4,74,1,1
329,5,40,1,1
329,6,48,1,1
329,7,78,1,1
329,8,33,1,1
329,9,55,1,1
329,10,0,1,1
329,11,59,1,1
330,0,23,1,1
330,1,102,1,1
330,2,23,1,1
330,3,65,1,1
330,4,81,1,1
330,5,46,1,1
330,6,71,1,1
330,7,81,1,1
330,8,31,1,1
330,9,73,1,1
330,10,0,1,1
330,11,70,1,1
331,0,14,1,1
331,1,106,1,1
331,2,15,1,1
331,3,50,1,1
331,4,70,1,1
331,5,54,1,1
331,6,57,1,1
331,7,93,1,1
331,8,35,1,1
331,9,64,1,1
331,10,0,1,1
331,11,67,1,1
332,0,18,1,1
332,1,69,1,1
332,2,16,1,1
332,3,75,1,1
332,4,55,1,1
332,5,47,1,1
332,6,68,1,1
332,7,97,1,1
332,8,27,1,1
332,9,54,1,1
332,10,0,1,1
332,11,71,1,1
333,0,15,1,1
333,1,98,1,1
333,2,25,1,1
333,3,60,1,1
333,4,93,1,1
333,5,39,1,1
333,6,75,1,1
333,7,92,1,1
333,8,41,1,1
333,9,66,1,1
333,10,0,1,1
333,11,83,1,1
334,0,24,1,1
334,1,113,1,1
334,2,10,1,1
334,3,57,1,1
334,4,81,1,1
334,5,68,1,1
334,6,66,1,1
334,7,104,1,1
334,8,40,1,1
334,9,94,1,1
334,10,0,1,1
334,11,71,1,1
335,0,17,1,1
335,1,101,1,1
335,2,16,1,1
335,3,41,1,1
335,4,73,1,1
335,5,44,1,1
335,6,51,1,1
335,7,104,1,1
335,8,25,1,1
335,9,77,1,1
335,10,0,1,1
335,11,70,1,1
336,0,12,1,1
336,1,87,1,1
336,2,24,1,1
336,3,54,1,1
336,4,70,1,1
336,5,39,1,1
336,6,51,1,1
336,7,90,1,1
336,8,28,1,1
336,9,67,1,1
336,10,0,1,1
336,11,64,1,1
337,0,14,1,1
337,1,101,1,1
337,2,23,1,1
337,3,58,1,1
337,4,70,1,1
337,5,60,1,1
337,6,54,1,1
337,7,108,1,1
337,8,30,1,1
337,9,71,1,1
337,10,0,1,1
337,11,57,1,1
338,0,20,1,1
338,1,110,1,1
338,2,29,1,1
338,3,57,1,1
338,4,81,1,1
338,5,47,1,1
338,6,51,1,1
338,7,88,1,1
338,8,33,1,1
338,9,82,1,1
338,10,0,1,1
338,11,63,1,1
339,0,18,1,1
339,1,117,1,1
339,2,21,1,1
339,3,52,1,1
339,4,68,1,1
339,5,44,1,1
339,6,48,1,1
339,7,94,1,1
339,8,31,1,1
339,9,77,1,1
339,10,0,1,1
339,11,57,1,1
340,0,14,1,1
340,1,105,1,1
340,2,27,1,1
340,3,54,1,1
340,4,78,1,1
340,5,46,1,1
340,6,46,1,1
340,7,98,1,1
340,8,32,1,1
340,9,85,1,1
340,10,0,1,1
340,11,67,1,1
341,0,12,1,1
341,1,116,1,1
341,2,20,1,1
341,3,62,1,1
341,4,82,1,1
341,5,43,1,1
341,6,62,1,1
341,7,103,1,1
341,8,33,1,1
341,9,77,1,1
341,10,0,1,1
341,11,84,1,1
342,0,17,1,1
342,1,103,1,1
342,2,17,1,1
342,3,52,1,1
342,4,72,1,1
342,5,50,1,1
342,6,58,1,1
342,7,113,1,1
342,8,39,1,1
342,9,59,1,1
342,10,0,1,1
342,11,73,1,1
343,0,14,1,1
343,1,98,1,1
343,2,22,1,1
343,3,70,1,1
343,4,83,1,1
343,5,61,1,1
343,6,62,1,1
343,7,83,1,1
343,8,31,1,1
343,9,66,1,1
343,10,0,1,1
343,11,83,1,1
344,0,21,1,1
344,1,99,1,1
344,2,14,1,1
344,3,70,1,1
344,4,89,1,1
344,5,50,1,1
344,6,64,1,1
344,7,76,1,1
344,8,32,1,1
344,9,67,1,1
344,10,0,1,1
344,11,82,1,1
345,0,21,1,1
345,1,101,1,1
345,2,23,1,1
345,3,65,1,1
345,4,94,1,1
345,5,33,1,1
345,6,69,1,1
345,7,106,1,1
345,8,41,1,1
345,9,52,1,1
345,10,0,1,1
345,11,85,1,1
346,0,24,1,1
346,1,103,1,1
346,2,16,1,1
346,3,72,1,1
346,4,95,1,1
346,5,51,1,1
346,6,69,1,1
346,7,116,1,1
346,8,38,1,1
346,9,81,1,1
346,10,0,1,1
346,11,92,1,1
347,0,29,1,1
347,1,113,1,1
347,2,23,1,1
347,3,63,1,1
347,4,94,1,1
347,5,48,1,1
347,6,78,1,1
347,7,78,1,1
347,8,40,1,1
347,9,77,1,1
347,10,0,1,1
347,11,84,1,1
348,0,16,1,1
348,1,114,1,1
348,2,18,1,1
348,3,71,1,1
348,4,94,1,1
348,5,61,1,1
348,6,73,1,1
348,7,112,1,1
348,8,34,1,1
348,9,87,1,1
348,10,0,1,1
348,11,76,1,1
349,0,0,1,1
349,1,0,1,1
349,2,0,1,1
349,3,0,1,1
349,4,0,1,1
349,5,0,1,1
349,6,0,1,1
349,7,0,1,1
349,8,0,1,1
349,9,0,1,1
349,10,0,1,1
349,11,0,1,1
350,0,0,1,1
350,1,0,1,1
350,2,0,1,1
350,3,0,1,1
350,4,75,1,1
350,5,61,1,1
350,6,79,1,1
350,7,90,1,1
350,8,0,1,1
350,9,0,1,1
350,10,0,1,1
350,11,0,1,1
351,0,18,1,1
351,1,100,1,1
351,2,17,1,1
351,3,67,1,1
351,4,0,1,1
351,5,0,1,1
351,6,0,1,1
351,7,0,1,1
351,8,45,1,1
351,9,79,1,1
351,10,0,1,1
351,11,69,1,1
352,0,15,1,1
352,1,100,1,1
352,2,19,1,1
352,3,61,1,1
352,4,90,1,1
352,5,56,1,1
352,6,65,1,1
352,7,96,1,1
352,8,39,1,1
352,9,62,1,1
352,10,0,1,1
352,11,68,1,1
353,0,12,1,1
353,1,97,1,1
353,2,21,1,1
353,3,97,1,1
353,4,87,1,1
353,5,64,1,1
353,6,93,1,1
353,7,93,1,1
353,8,33,1,1
353,9,74,1,1
353,10,0,1,1
353,11,93,1,1
354,0,24,1,1
354,1,112,1,1
354,2,16,1,1
354,3,72,1,1
354,4,91,1,1
354,5,58,1,1
354,6,74,1,1
354,7,95,1,1
354,8,45,1,1
354,9,72,1,1
354,10,0,1,1
354,11,72,1,1
355,0,15,1,1
355,1,108,1,1
355,2,21,1,1
355,3,70,1,1
355,4,121,1,1
355,5,56,1,1
355,6,74,1,1
355,7,105,1,1
355,8,44,1,1
355,9,73,1,1
355,10,0,1,1
355,11,75,1,1
356,0,22,1,1
356,1,84,1,1
356,2,21,1,1
356,3,73,1,1
356,4,93,1,1
356,5,49,1,1
356,6,75,1,1
356,7,94,1,1
356,8,39,1,1
356,9,78,1,1
356,10,0,1,1
356,11,94,1,1
357,0,16,1,1
357,1,109,1,1
357,2,24,1,1
357,3,79,1,1
357,4,92,1,1
357,5,57,1,1
357,6,80,1,1
357,7,109,1,1
357,8,41,1,1
357,9,76,1,1
357,10,0,1,1
357,11,106,1,1
358,0,30,1,1
358,1,89,1,1
358,2,18,1,1
358,3,81,1,1
358,4,105,1,1
358,5,58,1,1
358,6,92,1,1
358,7,106,1,1
358,8,40,1,1
358,9,69,1,1
358,10,0,1,1
358,11,102,1,1
359,0,20,1,1
359,1,88,1,1
359,2,24,1,1
359,3,86,1,1
359,4,100,1,1
359,5,50,1,1
359,6,94,1,1
359,7,140,1,1
359,8,29,1,1
359,9,58,1,1
359,10,0,1,1
359,11,110,1,1
360,0,18,1,1
360,1,83,1,1
360,2,23,1,1
360,3,78,1,1
360,4,101,1,1
360,5,51,1,1
360,6,92,1,1
360,7,119,1,1
360,8,46,1,1
360,9,72,1,1
360,10,0,1,1
360,11,98,1,1
361,0,35,1,1
361,1,120,1,1
361,2,12,1,1
361,3,77,1,1
361,4,107,1,1
361,5,74,1,1
361,6,87,1,1
361,7,121,1,1
361,8,52,1,1
361,9,89,1,1
361,10,0,1,1
361,11,94,1,1
362,0,32,1,1
362,1,109,1,1
362,2,20,1,1
362,3,90,1,1
362,4,119,1,1
362,5,67,1,1
362,6,97,1,1
362,7,123,1,1
362,8,45,1,1
362,9,85,1,1
362,10,0,1,1
362,11,96,1,1
363,0,28,1,1
363,1,96,1,1
363,2,13,1,1
363,3,101,1,1
363,4,119,1,1
363,5,56,1,1
363,6,96,1,1
363,7,133,1,1
363,8,43,1,1
363,9,70,1,1
363,10,0,1,1
363,11,115,1,1
364,0,30,1,1
364,1,95,1,1
364,2,21,1,1
364,3,87,1,1
364,4,120,1,1
364,5,46,1,1
364,6,109,1,1
364,7,116,1,1
364,8,47,1,1
364,9,67,1,1
364,10,0,1,1
364,11,119,1,1
365,0,27,1,1
365,1,82,1,1
365,2,28,1,1
365,3,95,1,1
365,4,134,1,1
365,5,65,1,1
365,6,88,1,1
365,7,109,1,1
365,8,34,1,1
365,9,69,1,1
365,10,0,1,1
365,11,109,1,1
366,0,27,1,1
366,1,80,1,1
366,2,25,1,1
366,3,93,1,1
366,4,106,1,1
366,5,44,1,1
366,6,113,1,1
366,7,113,1,1
366,8,36,1,1
366,9,65,1,1
366,10,0,1,1
366,11,122,1,1
367,0,31,1,1
367,1,90,1,1
367,2,29,1,1
367,3,68,1,1
367,4,116,1,1
367,5,46,1,1
367,6,79,1,1
367,7,122,1,1
367,8,46,1,1
367,9,57,1,1
367,10,0,1,1
367,11,93,1,1
368,0,25,1,1
368,1,80,1,1
368,2,25,1,1
368,3,71,1,1
368,4,128,1,1
368,5,47,1,1
368,6,83,1,1
368,7,101,1,1
368,8,28,1,1
368,9,67,1,1
368,10,0,1,1
368,11,96,1,1
369,0,23,1,1
369,1,77,1,1
369,2,26,1,1
369,3,104,1,1
369,4,116,1,1
369,5,45,1,1
369,6,90,1,1
369,7,116,1,1
369,8,37,1,1
369,9,66,1,1
369,10,0,1,1
369,11,107,1,1
370,0,32,1,1
370,1,95,1,1
370,2,15,1,1
370,3,94,1,1
370,4,135,1,1
370,5,44,1,1
370,6,112,1,1
370,7,111,1,1
370,8,44,1,1
370,9,58,1,1
370,10,0,1,1
370,11,101,1,1
371,0,39,1,1
371,1,80,1,1
371,2,21,1,1
371,3,90,1,1
371,4,120,1,1
371,5,44,1,1
371,6,85,1,1
371,7,98,1,1
371,8,40,1,1
371,9,63,1,1
371,10,0,1,1
371,11,91,1,1
372,0,29,1,1
372,1,76,1,1
372,2,22,1,1
372,3,113,1,1
372,4,115,1,1
372,5,41,1,1
372,6,107,1,1
372,7,100,1,1
372,8,40,1,1
372,9,62,1,1
372,10,0,1,1
372,11,109,1,1
373,0,22,1,1
373,1,87,1,1
373,2,21,1,1
373,3,91,1,1
373,4,115,1,1
373,5,48,1,1
373,6,90,1,1
373,7,94,1,1
373,8,31,1,1
373,9,64,1,1
373,10,0,1,1
373,11,101,1,1
374,0,29,1,1
374,1,80,1,1
374,2,19,1,1
374,3,59,1,1
374,4,87,1,1
374,5,43,1,1
374,6,63,1,1
374,7,84,1,1
374,8,29,1,1
374,9,67,1,1
374,10,0,1,1
374,11,82,1,1
375,0,16,1,1
375,1,75,1,1
375,2,6,1,1
375,3,67,1,1
375,4,82,1,1
375,5,40,1,1
375,6,69,1,1
375,7,83,1,1
375,8,31,1,1
375,9,53,1,1
375,10,0,1,1
375,11,73,1,1
376,0,22,1,1
376,1,66,1,1
376,2,14,1,1
376,3,68,1,1
376,4,72,1,1
376,5,36,1,1
376,6,78,1,1
376,7,77,1,1
376,8,31,1,1
376,9,53,1,1
376,10,0,1,1
376,11,79,1,1
377,0,18,1,1
377,1,53,1,1
377,2,17,1,1
377,3,58,1,1
377,4,68,1,1
377,5,36,1,1
377,6,70,1,1
377,7,70,1,1
377,8,22,1,1
377,9,55,1,1
377,10,0,1,1
377,11,73,1,1
378,0,14,1,1
378,1,71,1,1
378,2,8,1,1
378,3,46,1,1
378,4,72,1,1
378,5,46,1,1
378,6,54,1,1
378,7,84,1,1
378,8,21,1,1
378,9,64,1,1
378,10,0,1,1
378,11,63,1,1
379,0,15,1,1
379,1,65,1,1
379,2,9,1,1
379,3,32,1,1
379,4,72,1,1
379,5,46,1,1
379,6,46,1,1
379,7,86,1,1
379,8,24,1,1
379,9,59,1,1
379,10,0,1,1
379,11,65,1,1
380,0,7,1,1
380,1,49,1,1
380,2,9,1,1
380,3,47,1,1
380,4,54,1,1
380,5,26,1,1
380,6,47,1,1
380,7,62,1,1
380,8,23,1,1
380,9,50,1,1
380,10,0,1,1
380,11,61,1,1
381,0,14,1,1
381,1,53,1,1
381,2,16,1,1
381,3,38,1,1
381,4,60,1,1
381,5,33,1,1
381,6,49,1,1
381,7,56,1,1
381,8,21,1,1
381,9,47,1,1
381,10,0,1,1
381,11,64,1,1
382,0,22,1,1
382,1,54,1,1
382,2,9,1,1
382,3,47,1,1
382,4,69,1,1
382,5,30,1,1
382,6,45,1,1
382,7,60,1,1
382,8,22,1,1
382,9,57,1,1
382,10,0,1,1
382,11,50,1,1
383,0,9,1,1
383,1,47,1,1
383,2,12,1,1
383,3,30,1,1
383,4,54,1,1
383,5,20,1,1
383,6,30,1,1
383,7,46,1,1
383,8,26,1,1
383,9,52,1,1
383,10,0,1,1
383,11,41,1,1
384,0,12,1,1
384,1,49,1,1
384,2,8,1,1
384,3,44,1,1
384,4,52,1,1
384,5,25,1,1
384,6,50,1,1
384,7,55,1,1
384,8,19,1,1
384,9,50,1,1
384,10,0,1,1
384,11,54,1,1
385,0,8,1,1
385,1,52,1,1
385,2,9,1,1
385,3,32,1,1
385,4,59,1,1
385,5,30,1,1
385,6,32,1,1
385,7,51,1,1
385,8,22,1,1
385,9,58,1,1
385,10,0,1,1
385,11,51,1,1
386,0,7,1,1
386,1,50,1,1
386,2,8,1,1
386,3,31,1,1
386,4,59,1,1
386,5,30,1,1
386,6,27,1,1
386,7,50,1,1
386,8,17,1,1
386,9,59,1,1
386,10,0,1,1
386,11,41,1,1
387,0,8,1,1
387,1,32,1,1
387,2,4,1,1
387,3,34,1,1
387,4,41,1,1
387,5,29,1,1
387,6,35,1,1
387,7,55,1,1
387,8,13,1,1
387,9,40,1,1
387,10,0,1,1
387,11,46,1,1
388,0,6,1,1
388,1,35,1,1
388,2,3,1,1
388,3,41,1,1
388,4,58,1,1
388,5,25,1,1
388,6,36,1,1
388,7,33,1,1
388,8,15,1,1
388,9,39,1,1
388,10,0,1,1
388,11,37,1,1
389,0,7,1,1
389,1,45,1,1
389,2,6,1,1
389,3,37,1,1
389,4,53,1,1
389,5,28,1,1
389,6,35,1,1
389,7,38,1,1
389,8,12,1,1
389,9,54,1,1
389,10,0,1,1
389,11,36,1,1
390,0,9,1,1
390,1,50,1,1
390,2,10,1,1
390,3,34,1,1
390,4,41,1,1
390,5,21,1,1
390,6,38,1,1
390,7,46,1,1
390,8,14,1,1
390,9,42,1,1
390,10,0,1,1
390,11,41,1,1
391,0,15,1,1
391,1,46,1,1
391,2,5,1,1
391,3,29,1,1
391,4,54,1,1
391,5,33,1,1
391,6,29,1,1
391,7,42,1,1
391,8,18,1,1
391,9,48,1,1
391,10,0,1,1
391,11,43,1,1
392,0,8,1,1
392,1,66,1,1
392,2,7,1,1
392,3,36,1,1
392,4,56,1,1
392,5,36,1,1
392,6,37,1,1
392,7,54,1,1
392,8,15,1,1
392,9,44,1,1
392,10,0,1,1
392,11,41,1,1
393,0,12,1,1
393,1,42,1,1
393,2,6,1,1
393,3,28,1,1
393,4,45,1,1
393,5,16,1,1
393,6,37,1,1
393,7,45,1,1
393,8,14,1,1
393,9,30,1,1
393,10,0,1,1
393,11,39,1,1
394,0,9,1,1
394,1,31,1,1
394,2,8,1,1
394,3,23,1,1
394,4,48,1,1
394,5,14,1,1
394,6,30,1,1
394,7,37,1,1
394,8,18,1,1
394,9,29,1,1
394,10,0,1,1
394,11,34,1,1
395,0,11,1,1
395,1,34,1,1
395,2,14,1,1
395,3,25,1,1
395,4,31,1,1
395,5,17,1,1
395,6,31,1,1
395,7,42,1,1
395,8,7,1,1
395,9,41,1,1
395,10,0,1,1
395,11,28,1,1
396,0,5,1,1
396,1,39,1,1
396,2,9,1,1
396,3,14,1,1
396,4,56,1,1
396,5,17,1,1
396,6,30,1,1
396,7,34,1,1
396,8,16,1,1
396,9,25,1,1
396,10,0,1,1
396,11,30,1,1
397,0,6,1,1
397,1,40,1,1
397,2,9,1,1
397,3,9,1,1
397,4,37,1,1
397,5,30,1,1
397,6,26,1,1
397,7,36,1,1
397,8,15,1,1
397,9,29,1,1
397,10,0,1,1
397,11,23,1,1
398,0,8,1,1
398,1,36,1,1
398,2,6,1,1
398,3,27,1,1
398,4,36,1,1
398,5,15,1,1
398,6,26,1,1
398,7,41,1,1
398,8,8,1,1
398,9,27,1,1
398,10,0,1,1
398,11,33,1,1
399,0,3,1,1
399,1,19,1,1
399,2,10,1,1
399,3,22,1,1
399,4,40,1,1
399,5,13,1,1
399,6,16,1,1
399,7,42,1,1
399,8,8,1,1
399,9,24,1,1
399,10,0,1,1
399,11,20,1,1
400,0,5,1,1
400,1,28,1,1
400,2,5,1,1
400,3,21,1,1
400,4,30,1,1
400,5,17,1,1
400,6,22,1,1
400,7,30,1,1
400,8,5,1,1
400,9,20,1,1
400,10,0,1,1
400,11,24,1,1
401,0,5,1,1
401,1,22,1,1
401,2,4,1,1
401,3,23,1,1
401,4,22,1,1
401,5,12,1,1
401,6,18,1,1
401,7,33,1,1
401,8,6,1,1
401,9,13,1,1
401,10,0,1,1
401,11,27,1,1
402,0,3,1,1
402,1,20,1,1
402,2,4,1,1
402,3,23,1,1
402,4,26,1,1
402,5,12,1,1
402,6,21,1,1
402,7,20,1,1
402,8,7,1,1
402,9,13,1,1
402,10,0,1,1
402,11,24,1,1
403,0,2,1,1
403,1,12,1,1
403,2,2,1,1
403,3,18,1,1
403,4,25,1,1
403,5,11,1,1
403,6,19,1,1
403,7,19,1,1
403,8,3,1,1
403,9,22,1,1
403,10,0,1,1
403,11,17,1,1
404,0,1,1,1
404,1,20,1,1
404,2,4,1,1
404,3,12,1,1
404,4,21,1,1
404,5,13,1,1
404,6,17,1,1
404,7,18,1,1
404,8,4,1,1
404,9,18,1,1
404,10,0,1,1
404,11,21,1,1
405,0,1,1,1
405,1,17,1,1
405,2,2,1,1
405,3,11,1,1
405,4,16,1,1
405,5,11,1,1
405,6,10,1,1
405,7,15,1,1
405,8,3,1,1
405,9,11,1,1
405,10,0,1,1
405,11,11,1,1
406,0,4,1,1
406,1,10,1,1
406,2,3,1,1
406,3,11,1,1
406,4,20,1,1
406,5,10,1,1
406,6,16,1,1
406,7,12,1,1
406,8,2,1,1
406,9,11,1,1
406,10,0,1,1
406,11,17,1,1
407,0,2,1,1
407,1,10,1,1
407,2,1,1,1
407,3,10,1,1
407,4,15,1,1
407,5,9,1,1
407,6,8,1,1
407,7,15,1,1
407,8,3,1,1
407,9,9,1,1
407,10,0,1,1
407,11,12,1,1
408,0,4,1,1
408,1,11,1,1
408,2,2,1,1
408,3,11,1,1
408,4,20,1,1
408,5,5,1,1
408,6,10,1,1
408,7,10,1,1
408,8,4,1,1
408,9,13,1,1
408,10,0,1,1
408,11,13,1,1
409,0,0,1,1
409,1,13,1,1
409,2,0,1,1
409,3,8,1,1
409,4,11,1,1
409,5,14,1,1
409,6,4,1,1
409,7,10,1,1
409,8,4,1,1
409,9,10,1,1
409,10,0,1,1
409,11,11,1,1
410,0,2,1,1
410,1,7,1,1
410,2,4,1,1
410,3,10,1,1
410,4,8,1,1
410,5,6,1,1
410,6,7,1,1
410,7,16,1,1
410,8,2,1,1
410,9,3,1,1
410,10,0,1,1
410,11,11,1,1
411,0,0,1,1
411,1,6,1,1
411,2,0,1,1
411,3,5,1,1
411,4,9,1,1
411,5,4,1,1
411,6,2,1,1
411,7,11,1,1
411,8,1,1,1
411,9,10,1,1
411,10,0,1,1
411,11,4,1,1
412,0,3,1,1
412,1,7,1,1
412,2,0,1,1
412,3,4,1,1
412,4,13,1,1
412,5,3,1,1
412,6,5,1,1
412,7,5,1,1
412,8,1,1,1
412,9,3,1,1
412,10,0,1,1
412,11,8,1,1
413,0,2,1,1
413,1,5,1,1
413,2,2,1,1
413,3,2,1,1
413,4,5,1,1
413,5,3,1,1
413,6,5,1,1
413,7,2,1,1
413,8,2,1,1
413,9,1,1,1
413,10,0,1,1
413,11,5,1,1
414,0,0,1,1
414,1,6,1,1
414,2,0,1,1
414,3,3,1,1
414,4,3,1,1
414,5,6,1,1
414,6,4,1,1
414,7,3,1,1
414,8,0,1,1
414,9,3,1,1
414,10,0,1,1
414,11,3,1,1
415,0,2,1,1
415,1,7,1,1
415,2,0,1,1
415,3,4,1,1
415,4,5,1,1
415,5,5,1,1
415,6,4,1,1
415,7,6,1,1
415,8,2,1,1
415,9,4,1,1
415,10,0,1,1
415,11,6,1,1
416,0,2,1,1
416,1,5,1,1
416,2,0,1,1
416,3,1,1,1
416,4,11,1,1
416,5,3,1,1
416,6,2,1,1
416,7,1,1,1
416,8,3,1,1
416,9,5,1,1
416,10,0,1,1
416,11,3,1,1
417,0,2,1,1
417,1,1,1,1
417,2,1,1,1
417,3,1,1,1
417,4,5,1,1
417,5,4,1,1
417,6,4,1,1
417,7,3,1,1
417,8,2,1,1
417,9,3,1,1
417,10,0,1,1
417,11,5,1,1
418,0,0,1,1
418,1,10,1,1
418,2,1,1,1
418,3,0,1,1
418,4,10,1,1
418,5,5,1,1
418,6,0,1,1
418,7,1,1,1
418,8,6,1,1
418,9,4,1,1
418,10,0,1,1
418,11,0,1,1
419,0,2,1,1
419,1,4,1,1
419,2,1,1,1
419,3,3,1,1
419,4,6,1,1
419,5,3,1,1
419,6,0,1,1
419,7,2,1,1
419,8,0,1,1
419,9,2,1,1
419,10,0,1,1
419,11,0,1,1
420,0,1,1,1
420,1,1,1,1
420,2,3,1,1
420,3,1,1,1
420,4,6,1,1
420,5,2,1,1
420,6,2,1,1
420,7,3,1,1
420,8,1,1,1
420,9,0,1,1
420,10,0,1,1
420,11,6,1,1
421,0,1,1,1
421,1,3,1,1
421,2,0,1,1
421,3,3,1,1
421,4,2,1,1
421,5,2,1,1
421,6,1,1,1
421,7,3,1,1
421,8,0,1,1
421,9,4,1,1
421,10,0,1,1
421,11,1,1,1
422,0,1,1,1
422,1,2,1,1
422,2,1,1,1
422,3,1,1,1
422,4,3,1,1
422,5,0,1,1
422,6,1,1,1
422,7,2,1,1
422,8,1,1,1
422,9,4,1,1
422,10,0,1,1
422,11,2,1,1
423,0,1,1,1
423,1,4,1,1
423,2,1,1,1
423,3,3,1,1
423,4,2,1,1
423,5,2,1,1
423,6,3,1,1
423,7,4,1,1
423,8,2,1,1
423,9,0,1,1
423,10,0,1,1
423,11,4,1,1
424,0,0,1,1
424,1,1,1,1
424,2,0,1,1
424,3,1,1,1
424,4,2,1,1
424,5,0,1,1
424,6,3,1,1
424,7,3,1,1
424,8,0,1,1
424,9,0,1,1
424,10,0,1,1
424,11,3,1,1
425,0,0,1,1
425,1,2,1,1
425,2,0,1,1
425,3,1,1,1
425,4,2,1,1
425,5,1,1,1
425,6,1,1,1
425,7,3,1,1
425,8,2,1,1
425,9,0,1,1
425,10,0,1,1
425,11,2,1,1
426,0,1,1,1
426,1,2,1,1
426,2,1,1,1
426,3,2,1,1
426,4,2,1,1
426,5,2,1,1
426,6,1,1,1
426,7,1,1,1
426,8,0,1,1
426,9,2,1,1
426,10,0,1,1
426,11,0,1,1
427,0,1,1,1
427,1,3,1,1
427,2,0,1,1
427,3,4,1,1
427,4,3,1,1
427,5,0,1,1
427,6,4,1,1
427,7,0,1,1
427,8,0,1,1
427,9,1,1,1
427,10,0,1,1
427,11,2,1,1
428,0,0,1,1
428,1,2,1,1
428,2,0,1,1
428,3,1,1,1
428,4,1,1,1
428,5,1,1,1
428,6,1,1,1
428,7,2,1,1
428,8,0,1,1
428,9,6,1,1
428,10,0,1,1
428,11,3,1,1
429,0,0,1,1
429,1,1,1,1
429,2,0,1,1
429,3,3,1,1
429,4,3,1,1
429,5,1,1,1
429,6,2,1,1
429,7,0,1,1
429,8,1,1,1
429,9,0,1,1
429,10,0,1,1
429,11,4,1,1
430,0,0,1,1
430,1,1,1,1
430,2,1,1,1
430,3,2,1,1
430,4,1,1,1
430,5,0,1,1
430,6,3,1,1
430,7,0,1,1
430,8,1,1,1
430,9,1,1,1
430,10,0,1,1
430,11,3,1,1
431,0,0,1,1
431,1,1,1,1
431,2,1,1,1
431,3,0,1,1
431,4,4,1,1
431,5,0,1,1
431,6,0,1,1
431,7,3,1,1
431,8,0,1,1
431,9,1,1,1
431,10,0,1,1
431,11,2,1,1
432,0,0,1,1
432,1,2,1,1
432,2,1,1,1
432,3,3,1,1
432,4,3,1,1
432,5,2,1,1
432,6,3,1,1
432,7,0,1,1
432,8,2,1,1
432,9,4,1,1
432,10,0,1,1
432,11,3,1,1
433,0,0,1,1
433,1,2,1,1
433,2,0,1,1
433,3,1,1,1
433,4,1,1,1
433,5,2,1,1
433,6,0,1,1
433,7,2,1,1
433,8,0,1,1
433,9,2,1,1
433,10,0,1,1
433,11,0,1,1
434,0,0,1,1
434,1,6,1,1
434,2,0,1,1
434,3,2,1,1
434,4,2,1,1
434,5,3,1,1
434,6,1,1,1
434,7,3,1,1
434,8,0,1,1
434,9,4,1,1
434,10,0,1,1
434,11,2,1,1
435,0,0,1,1
435,1,5,1,1
435,2,0,1,1
435,3,0,1,1
435,4,3,1,1
435,5,2,1,1
435,6,1,1,1
435,7,3,1,1
435,8,0,1,1
435,9,0,1,1
435,10,0,1,1
435,11,2,1,1
436,0,0,1,1
436,1,10,1,1
436,2,0,1,1
436,3,2,1,1
436,4,3,1,1
436,5,5,1,1
436,6,0,1,1
436,7,8,1,1
436,8,0,1,1
436,9,5,1,1
436,10,0,1,1
436,11,3,1,1
437,0,1,1,1
437,1,13,1,1
437,2,1,1,1
437,3,1,1,1
437,4,9,1,1
437,5,2,1,1
437,6,2,1,1
437,7,6,1,1
437,8,2,1,1
437,9,1,1,1
437,10,0,1,1
437,11,2,1,1
438,0,1,1,1
438,1,11,1,1
438,2,3,1,1
438,3,2,1,1
438,4,9,1,1
438,5,1,1,1
438,6,2,1,1
438,7,6,1,1
438,8,0,1,1
438,9,4,1,1
438,10,0,1,1
438,11,1,1,1
439,0,2,1,1
439,1,18,1,1
439,2,2,1,1
439,3,4,1,1
439,4,5,1,1
439,5,5,1,1
439,6,4,1,1
439,7,9,1,1
439,8,1,1,1
439,9,6,1,1
439,10,0,1,1
439,11,2,1,1
440,0,4,1,1
440,1,15,1,1
440,2,5,1,1
440,3,5,1,1
440,4,6,1,1
440,5,7,1,1
440,6,7,1,1
440,7,12,1,1
440,8,1,1,1
440,9,7,1,1
440,10,0,1,1
440,11,5,1,1
441,0,3,1,1
441,1,15,1,1
441,2,9,1,1
441,3,3,1,1
441,4,7,1,1
441,5,3,1,1
441,6,4,1,1
441,7,14,1,1
441,8,3,1,1
441,9,1,1,1
441,10,0,1,1
441,11,2,1,1
442,0,1,1,1
442,1,16,1,1
442,2,6,1,1
442,3,5,1,1
442,4,20,1,1
442,5,4,1,1
442,6,7,1,1
442,7,15,1,1
442,8,1,1,1
442,9,5,1,1
442,10,0,1,1
442,11,3,1,1
443,0,4,1,1
443,1,21,1,1
443,2,8,1,1
443,3,5,1,1
443,4,21,1,1
443,5,3,1,1
443,6,10,1,1
443,7,24,1,1
443,8,1,1,1
443,9,2,1,1
443,10,0,1,1
443,11,7,1,1
444,0,9,1,1
444,1,30,1,1
444,2,7,1,1
444,3,13,1,1
444,4,22,1,1
444,5,15,1,1
444,6,11,1,1
444,7,32,1,1
444,8,3,1,1
444,9,20,1,1
444,10,0,1,1
444,11,15,1,1
445,0,4,1,1
445,1,44,1,1
445,2,15,1,1
445,3,18,1,1
445,4,32,1,1
445,5,13,1,1
445,6,21,1,1
445,7,46,1,1
445,8,5,1,1
445,9,20,1,1
445,10,0,1,1
445,11,16,1,1
446,0,4,1,1
446,1,47,1,1
446,2,17,1,1
446,3,32,1,1
446,4,40,1,1
446,5,24,1,1
446,6,26,1,1
446,7,46,1,1
446,8,12,1,1
446,9,20,1,1
446,10,0,1,1
446,11,16,1,1
447,0,10,1,1
447,1,59,1,1
447,2,19,1,1
447,3,24,1,1
447,4,40,1,1
447,5,23,1,1
447,6,23,1,1
447,7,57,1,1
447,8,9,1,1
447,9,32,1,1
447,10,0,1,1
447,11,26,1,1
448,0,15,1,1
448,1,83,1,1
448,2,18,1,1
448,3,22,1,1
448,4,49,1,1
448,5,37,1,1
448,6,24,1,1
448,7,76,1,1
448,8,14,1,1
448,9,37,1,1
448,10,0,1,1
448,11,24,1,1
449,0,13,1,1
449,1,81,1,1
449,2,23,1,1
449,3,32,1,1
449,4,70,1,1
449,5,36,1,1
449,6,32,1,1
449,7,95,1,1
449,8,17,1,1
449,9,52,1,1
449,10,0,1,1
449,11,53,1,1
450,0,22,1,1
450,1,102,1,1
450,2,32,1,1
450,3,33,1,1
450,4,47,1,1
450,5,56,1,1
450,6,38,1,1
450,7,95,1,1
450,8,30,1,1
450,9,77,1,1
450,10,0,1,1
450,11,35,1,1
451,0,17,1,1
451,1,115,1,1
451,2,42,1,1
451,3,44,1,1
451,4,72,1,1
451,5,58,1,1
451,6,54,1,1
451,7,109,1,1
451,8,24,1,1
451,9,80,1,1
451,10,0,1,1
451,11,52,1,1
452,0,19,1,1
452,1,126,1,1
452,2,52,1,1
452,3,41,1,1
452,4,95,1,1
452,5,76,1,1
452,6,47,1,1
452,7,153,1,1
452,8,21,1,1
452,9,97,1,1
452,10,0,1,1
452,11,53,1,1
453,0,28,1,1
453,1,168,1,1
453,2,55,1,1
453,3,58,1,1
453,4,103,1,1
453,5,76,1,1
453,6,50,1,1
453,7,165,1,1
453,8,36,1,1
453,9,96,1,1
453,10,0,1,1
453,11,44,1,1
454,0,27,1,1
454,1,149,1,1
454,2,39,1,1
454,3,63,1,1
454,4,113,1,1
454,5,68,1,1
454,6,71,1,1
454,7,159,1,1
454,8,24,1,1
454,9,77,1,1
454,10,0,1,1
454,11,75,1,1
455,0,19,1,1
455,1,129,1,1
455,2,49,1,1
455,3,42,1,1
455,4,82,1,1
455,5,64,1,1
455,6,48,1,1
455,7,127,1,1
455,8,25,1,1
455,9,89,1,1
455,10,0,1,1
455,11,52,1,1
456,0,17,1,1
456,1,133,1,1
456,2,34,1,1
456,3,41,1,1
456,4,63,1,1
456,5,63,1,1
456,6,52,1,1
456,7,129,1,1
456,8,23,1,1
456,9,92,1,1
456,10,0,1,1
456,11,51,1,1
457,0,18,1,1
457,1,120,1,1
457,2,35,1,1
457,3,62,1,1
457,4,72,1,1
457,5,65,1,1
457,6,49,1,1
457,7,100,1,1
457,8,20,1,1
457,9,97,1,1
457,10,0,1,1
457,11,59,1,1
458,0,22,1,1
458,1,122,1,1
458,2,21,1,1
458,3,59,1,1
458,4,43,1,1
458,5,42,1,1
458,6,43,1,1
458,7,115,1,1
458,8,33,1,1
458,9,61,1,1
458,10,0,1,1
458,11,44,1,1
459,0,14,1,1
459,1,107,1,1
459,2,23,1,1
459,3,46,1,1
459,4,57,1,1
459,5,46,1,1
459,6,41,1,1
459,7,81,1,1
459,8,24,1,1
459,9,56,1,1
459,10,0,1,1
459,11,39,1,1
460,0,9,1,1
460,1,98,1,1
460,2,15,1,1
460,3,47,1,1
460,4,52,1,1
460,5,42,1,1
460,6,45,1,1
460,7,83,1,1
460,8,26,1,1
460,9,54,1,1
460,10,0,1,1
460,11,51,1,1
461,0,11,1,1
461,1,88,1,1
461,2,25,1,1
461,3,47,1,1
461,4,51,1,1
461,5,41,1,1
461,6,42,1,1
461,7,73,1,1
461,8,21,1,1
461,9,57,1,1
461,10,0,1,1
461,11,46,1,1
462,0,24,1,1
462,1,98,1,1
462,2,13,1,1
462,3,47,1,1
462,4,56,1,1
462,5,47,1,1
462,6,36,1,1
462,7,80,1,1
462,8,25,1,1
462,9,67,1,1
462,10,0,1,1
462,11,42,1,1
463,0,22,1,1
463,1,91,1,1
463,2,26,1,1
463,3,53,1,1
463,4,73,1,1
463,5,45,1,1
463,6,49,1,1
463,7,86,1,1
463,8,27,1,1
463,9,51,1,1
463,10,0,1,1
463,11,50,1,1
464,0,15,1,1
464,1,94,1,1
464,2,13,1,1
464,3,47,1,1
464,4,64,1,1
464,5,43,1,1
464,6,36,1,1
464,7,83,1,1
464,8,28,1,1
464,9,60,1,1
464,10,0,1,1
464,11,34,1,1
465,0,12,1,1
465,1,109,1,1
465,2,19,1,1
465,3,53,1,1
465,4,63,1,1
465,5,43,1,1
465,6,41,1,1
465,7,94,1,1
465,8,13,1,1
465,9,55,1,1
465,10,0,1,1
465,11,58,1,1
466,0,11,1,1
466,1,97,1,1
466,2,18,1,1
466,3,49,1,1
466,4,63,1,1
466,5,41,1,1
466,6,43,1,1
466,7,67,1,1
466,8,31,1,1
466,9,57,1,1
466,10,0,1,1
466,11,47,1,1
467,0,17,1,1
467,1,89,1,1
467,2,14,1,1
467,3,45,1,1
467,4,48,1,1
467,5,22,1,1
467,6,36,1,1
467,7,72,1,1
467,8,22,1,1
467,9,53,1,1
467,10,0,1,1
467,11,56,1,1
468,0,17,1,1
468,1,83,1,1
468,2,13,1,1
468,3,46,1,1
468,4,42,1,1
468,5,38,1,1
468,6,38,1,1
468,7,70,1,1
468,8,14,1,1
468,9,46,1,1
468,10,0,1,1
468,11,51,1,1
469,0,22,1,1
469,1,69,1,1
469,2,13,1,1
469,3,45,1,1
469,4,64,1,1
469,5,31,1,1
469,6,33,1,1
469,7,65,1,1
469,8,20,1,1
469,9,46,1,1
469,10,0,1,1
469,11,47,1,1
470,0,11,1,1
470,1,80,1,1
470,2,18,1,1
470,3,40,1,1
470,4,63,1,1
470,5,34,1,1
470,6,38,1,1
470,7,74,1,1
470,8,21,1,1
470,9,59,1,1
470,10,0,1,1
470,11,59,1,1
471,0,8,1,1
471,1,80,1,1
471,2,14,1,1
471,3,48,1,1
471,4,69,1,1
471,5,35,1,1
471,6,45,1,1
471,7,75,1,1
471,8,30,1,1
471,9,49,1,1
471,10,0,1,1
471,11,57,1,1
472,0,17,1,1
472,1,91,1,1
472,2,20,1,1
472,3,47,1,1
472,4,61,1,1
472,5,43,1,1
472,6,48,1,1
472,7,71,1,1
472,8,20,1,1
472,9,59,1,1
472,10,0,1,1
472,11,41,1,1
473,0,19,1,1
473,1,88,1,1
473,2,18,1,1
473,3,50,1,1
473,4,70,1,1
473,5,43,1,1
473,6,48,1,1
473,7,90,1,1
473,8,29,1,1
473,9,60,1,1
473,10,0,1,1
473,11,61,1,1
474,0,16,1,1
474,1,97,1,1
474,2,20,1,1
474,3,55,1,1
474,4,66,1,1
474,5,45,1,1
474,6,63,1,1
474,7,87,1,1
474,8,28,1,1
474,9,77,1,1
474,10,0,1,1
474,11,70,1,1
475,0,27,1,1
475,1,82,1,1
475,2,19,1,1
475,3,49,1,1
475,4,83,1,1
475,5,38,1,1
475,6,61,1,1
475,7,77,1,1
475,8,30,1,1
475,9,58,1,1
475,10,0,1,1
475,11,61,1,1
476,0,22,1,1
476,1,79,1,1
476,2,16,1,1
476,3,49,1,1
476,4,64,1,1
476,5,37,1,1
476,6,64,1,1
476,7,111,1,1
476,8,38,1,1
476,9,64,1,1
476,10,0,1,1
476,11,83,1,1
477,0,20,1,1
477,1,90,1,1
477,2,18,1,1
477,3,39,1,1
477,4,72,1,1
477,5,60,1,1
477,6,50,1,1
477,7,103,1,1
477,8,41,1,1
477,9,80,1,1
477,10,0,1,1
477,11,81,1,1
478,0,29,1,1
478,1,83,1,1
478,2,7,1,1
478,3,56,1,1
478,4,56,1,1
478,5,50,1,1
478,6,54,1,1
478,7,79,1,1
478,8,48,1,1
478,9,72,1,1
478,10,0,1,1
478,11,78,1,1
479,0,11,1,1
479,1,86,1,1
479,2,10,1,1
479,3,37,1,1
479,4,51,1,1
479,5,50,1,1
479,6,42,1,1
479,7,92,1,1
479,8,32,1,1
479,9,76,1,1
479,10,0,1,1
479,11,66,1,1
480,0,20,1,1
480,1,72,1,1
480,2,21,1,1
480,3,33,1,1
480,4,48,1,1
480,5,42,1,1
480,6,25,1,1
480,7,65,1,1
480,8,36,1,1
480,9,60,1,1
480,10,0,1,1
480,11,46,1,1
481,0,16,1,1
481,1,96,1,1
481,2,28,1,1
481,3,34,1,1
481,4,63,1,1
481,5,38,1,1
481,6,42,1,1
481,7,116,1,1
481,8,21,1,1
481,9,60,1,1
481,10,0,1,1
481,11,57,1,1
482,0,20,1,1
482,1,111,1,1
482,2,37,1,1
482,3,53,1,1
482,4,76,1,1
482,5,64,1,1
482,6,57,1,1
482,7,101,1,1
482,8,31,1,1
482,9,94,1,1
482,10,0,1,1
482,11,68,1,1
483,0,25,1,1
483,1,117,1,1
483,2,30,1,1
483,3,70,1,1
483,4,85,1,1
483,5,70,1,1
483,6,64,1,1
483,7,105,1,1
483,8,23,1,1
483,9,98,1,1
483,10,0,1,1
483,11,85,1,1
484,0,14,1,1
484,1,109,1,1
484,2,31,1,1
484,3,70,1,1
484,4,96,1,1
484,5,58,1,1
484,6,55,1,1
484,7,116,1,1
484,8,40,1,1
484,9,70,1,1
484,10,0,1,1
484,11,70,1,1
485,0,15,1,1
485,1,123,1,1
485,2,32,1,1
485,3,66,1,1
485,4,94,1,1
485,5,55,1,1
485,6,57,1,1
485,7,101,1,1
485,8,37,1,1
485,9,82,1,1
485,10,0,1,1
485,11,65,1,1
486,0,19,1,1
486,1,92,1,1
486,2,19,1,1
486,3,48,1,1
486,4,89,1,1
486,5,55,1,1
486,6,53,1,1
486,7,97,1,1
486,8,37,1,1
486,9,66,1,1
486,10,0,1,1
486,11,72,1,1
487,0,15,1,1
487,1,98,1,1
487,2,20,1,1
487,3,66,1,1
487,4,75,1,1
487,5,54,1,1
487,6,63,1,1
487,7,88,1,1
487,8,43,1,1
487,9,68,1,1
487,10,0,1,1
487,11,63,1,1
488,0,21,1,1
488,1,107,1,1
488,2,27,1,1
488,3,73,1,1
488,4,74,1,1
488,5,53,1,1
488,6,73,1,1
488,7,89,1,1
488,8,35,1,1
488,9,70,1,1
488,10,0,1,1
488,11,72,1,1
489,0,16,1,1
489,1,92,1,1
489,2,13,1,1
489,3,76,1,1
489,4,93,1,1
489,5,41,1,1
489,6,75,1,1
489,7,106,1,1
489,8,24,1,1
489,9,61,1,1
489,10,0,1,1
489,11,90,1,1
490,0,20,1,1
490,1,93,1,1
490,2,16,1,1
490,3,59,1,1
490,4,71,1,1
490,5,40,1,1
490,6,56,1,1
490,7,112,1,1
490,8,23,1,1
490,9,68,1,1
490,10,0,1,1
490,11,60,1,1
491,0,20,1,1
491,1,91,1,1
491,2,25,1,1
491,3,56,1,1
491,4,68,1,1
491,5,33,1,1
491,6,64,1,1
491,7,108,1,1
491,8,33,1,1
491,9,50,1,1
491,10,0,1,1
491,11,76,1,1
492,0,21,1,1
492,1,94,1,1
492,2,25,1,1
492,3,68,1,1
492,4,101,1,1
492,5,54,1,1
492,6,66,1,1
492,7,102,1,1
492,8,31,1,1
492,9,74,1,1
492,10,0,1,1
492,11,87,1,1
493,0,20,1,1
493,1,102,1,1
493,2,29,1,1
493,3,55,1,1
493,4,83,1,1
493,5,41,1,1
493,6,45,1,1
493,7,100,1,1
493,8,34,1,1
493,9,56,1,1
493,10,0,1,1
493,11,56,1,1
494,0,15,1,1
494,1,95,1,1
494,2,15,1,1
494,3,64,1,1
494,4,76,1,1
494,5,47,1,1
494,6,68,1,1
494,7,113,1,1
494,8,38,1,1
494,9,59,1,1
494,10,0,1,1
494,11,87,1,1
495,0,15,1,1
495,1,91,1,1
495,2,23,1,1
495,3,68,1,1
495,4,82,1,1
495,5,54,1,1
495,6,77,1,1
495,7,110,1,1
495,8,40,1,1
495,9,66,1,1
495,10,0,1,1
495,11,81,1,1
496,0,24,1,1
496,1,101,1,1
496,2,16,1,1
496,3,80,1,1
496,4,92,1,1
496,5,48,1,1
496,6,86,1,1
496,7,77,1,1
496,8,44,1,1
496,9,69,1,1
496,10,0,1,1
496,11,76,1,1
497,0,31,1,1
497,1,89,1,1
497,2,19,1,1
497,3,82,1,1
497,4,76,1,1
497,5,56,1,1
497,6,79,1,1
497,7,99,1,1
497,8,41,1,1
497,9,74,1,1
497,10,0,1,1
497,11,73,1,1
498,0,14,1,1
498,1,79,1,1
498,2,19,1,1
498,3,55,1,1
498,4,101,1,1
498,5,42,1,1
498,6,72,1,1
498,7,117,1,1
498,8,49,1,1
498,9,62,1,1
498,10,0,1,1
498,11,86,1,1
499,0,31,1,1
499,1,91,1,1
499,2,21,1,1
499,3,94,1,1
499,4,103,1,1
499,5,56,1,1
499,6,86,1,1
499,7,94,1,1
499,8,39,1,1
499,9,67,1,1
499,10,0,1,1
499,11,90,1,1
500,0,21,1,1
500,1,92,1,1
500,2,25,1,1
500,3,75,1,1
500,4,117,1,1
500,5,57,1,1
500,6,86,1,1
500,7,116,1,1
500,8,44,1,1
500,9,77,1,1
500,10,0,1,1
500,11,90,1,1
501,0,21,1,1
501,1,83,1,1
501,2,14,1,1
501,3,73,1,1
501,4,94,1,1
501,5,64,1,1
501,6,79,1,1
501,7,108,1,1
501,8,52,1,1
501,9,74,1,1
501,10,0,1,1
501,11,79,1,1
502,0,38,1,1
502,1,102,1,1
502,2,20,1,1
502,3,86,1,1
502,4,109,1,1
502,5,45,1,1
502,6,93,1,1
502,7,124,1,1
502,8,38,1,1
502,9,76,1,1
502,10,0,1,1
502,11,112,1,1
503,0,25,1,1
503,1,86,1,1
503,2,25,1,1
503,3,82,1,1
503,4,114,1,1
503,5,49,1,1
503,6,91,1,1
503,7,131,1,1
503,8,41,1,1
503,9,73,1,1
503,10,0,1,1
503,11,125,1,1
504,0,31,1,1
504,1,86,1,1
504,2,30,1,1
504,3,97,1,1
504,4,105,1,1
504,5,49,1,1
504,6,82,1,1
504,7,122,1,1
504,8,38,1,1
504,9,71,1,1
504,10,0,1,1
504,11,109,1,1
505,0,14,1,1
505,1,88,1,1
505,2,28,1,1
505,3,92,1,1
505,4,122,1,1
505,5,56,1,1
505,6,94,1,1
505,7,117,1,1
505,8,41,1,1
505,9,88,1,1
505,10,0,1,1
505,11,95,1,1
506,0,24,1,1
506,1,98,1,1
506,2,23,1,1
506,3,85,1,1
506,4,120,1,1
506,5,65,1,1
506,6,103,1,1
506,7,118,1,1
506,8,51,1,1
506,9,98,1,1
506,10,0,1,1
506,11,119,1,1
507,0,32,1,1
507,1,102,1,1
507,2,24,1,1
507,3,103,1,1
507,4,114,1,1
507,5,46,1,1
507,6,113,1,1
507,7,100,1,1
507,8,46,1,1
507,9,79,1,1
507,10,0,1,1
507,11,113,1,1
508,0,30,1,1
508,1,104,1,1
508,2,18,1,1
508,3,79,1,1
508,4,125,1,1
508,5,67,1,1
508,6,90,1,1
508,7,118,1,1
508,8,48,1,1
508,9,66,1,1
508,10,0,1,1
508,11,102,1,1
509,0,26,1,1
509,1,79,1,1
509,2,19,1,1
509,3,90,1,1
509,4,133,1,1
509,5,48,1,1
509,6,91,1,1
509,7,120,1,1
509,8,49,1,1
509,9,82,1,1
509,10,0,1,1
509,11,98,1,1
510,0,25,1,1
510,1,79,1,1
510,2,23,1,1
510,3,85,1,1
510,4,112,1,1
510,5,52,1,1
510,6,93,1,1
510,7,108,1,1
510,8,55,1,1
510,9,78,1,1
510,10,0,1,1
510,11,90,1,1
511,0,34,1,1
511,1,96,1,1
511,2,23,1,1
511,3,90,1,1
511,4,128,1,1
511,5,59,1,1
511,6,101,1,1
511,7,113,1,1
511,8,33,1,1
511,9,79,1,1
511,10,0,1,1
511,11,115,1,1
512,0,32,1,1
512,1,102,1,1
512,2,13,1,1
512,3,105,1,1
512,4,127,1,1
512,5,54,1,1
512,6,101,1,1
512,7,116,1,1
512,8,55,1,1
512,9,92,1,1
512,10,0,1,1
512,11,111,1,1
513,0,30,1,1
513,1,94,1,1
513,2,26,1,1
513,3,102,1,1
513,4,137,1,1
513,5,52,1,1
513,6,89,1,1
513,7,113,1,1
513,8,54,1,1
513,9,69,1,1
513,10,0,1,1
513,11,108,1,1
514,0,30,1,1
514,1,87,1,1
514,2,27,1,1
514,3,124,1,1
514,4,116,1,1
514,5,49,1,1
514,6,113,1,1
514,7,121,1,1
514,8,58,1,1
514,9,70,1,1
514,10,0,1,1
514,11,130,1,1
515,0,34,1,1
515,1,72,1,1
515,2,16,1,1
515,3,86,1,1
515,4,126,1,1
515,5,49,1,1
515,6,91,1,1
515,7,110,1,1
515,8,39,1,1
515,9,64,1,1
515,10,0,1,1
515,11,108,1,1
516,0,20,1,1
516,1,96,1,1
516,2,25,1,1
516,3,107,1,1
516,4,95,1,1
516,5,49,1,1
516,6,99,1,1
516,7,99,1,1
516,8,30,1,1
516,9,70,1,1
516,10,0,1,1
516,11,90,1,1
517,0,28,1,1
517,1,99,1,1
517,2,18,1,1
517,3,101,1,1
517,4,97,1,1
517,5,54,1,1
517,6,101,1,1
517,7,98,1,1
517,8,34,1,1
517,9,85,1,1
517,10,0,1,1
517,11,82,1,1
518,0,28,1,1
518,1,88,1,1
518,2,22,1,1
518,3,71,1,1
518,4,115,1,1
518,5,48,1,1
518,6,73,1,1
518,7,98,1,1
518,8,29,1,1
518,9,77,1,1
518,10,0,1,1
518,11,77,1,1
519,0,17,1,1
519,1,71,1,1
519,2,15,1,1
519,3,72,1,1
519,4,90,1,1
519,5,42,1,1
519,6,59,1,1
519,7,102,1,1
519,8,42,1,1
519,9,62,1,1
519,10,0,1,1
519,11,83,1,1
520,0,16,1,1
520,1,54,1,1
520,2,19,1,1
520,3,74,1,1
520,4,104,1,1
520,5,37,1,1
520,6,70,1,1
520,7,73,1,1
520,8,27,1,1
520,9,48,1,1
520,10,0,1,1
520,11,83,1,1
521,0,25,1,1
521,1,66,1,1
521,2,13,1,1
521,3,46,1,1
521,4,87,1,1
521,5,42,1,1
521,6,59,1,1
521,7,102,1,1
521,8,24,1,1
521,9,73,1,1
521,10,0,1,1
521,11,82,1,1
522,0,14,1,1
522,1,76,1,1
522,2,15,1,1
522,3,61,1,1
522,4,89,1,1
522,5,35,1,1
522,6,71,1,1
522,7,100,1,1
522,8,27,1,1
522,9,78,1,1
522,10,0,1,1
522,11,79,1,1
523,0,13,1,1
523,1,80,1,1
523,2,10,1,1
523,3,49,1,1
523,4,85,1,1
523,5,33,1,1
523,6,53,1,1
523,7,89,1,1
523,8,27,1,1
523,9,57,1,1
523,10,0,1,1
523,11,66,1,1
524,0,19,1,1
524,1,74,1,1
524,2,14,1,1
524,3,47,1,1
524,4,69,1,1
524,5,37,1,1
524,6,60,1,1
524,7,91,1,1
524,8,30,1,1
524,9,63,1,1
524,10,0,1,1
524,11,66,1,1
525,0,8,1,1
525,1,76,1,1
525,2,10,1,1
525,3,47,1,1
525,4,68,1,1
525,5,38,1,1
525,6,54,1,1
525,7,81,1,1
525,8,32,1,1
525,9,62,1,1
525,10,0,1,1
525,11,56,1,1
526,0,16,1,1
526,1,59,1,1
526,2,14,1,1
526,3,38,1,1
526,4,55,1,1
526,5,37,1,1
526,6,43,1,1
526,7,62,1,1
526,8,29,1,1
526,9,54,1,1
526,10,0,1,1
526,11,68,1,1
527,0,11,1,1
527,1,79,1,1
527,2,13,1,1
527,3,39,1,1
527,4,62,1,1
527,5,29,1,1
527,6,39,1,1
527,7,65,1,1
527,8,22,1,1
527,9,50,1,1
527,10,0,1,1
527,11,65,1,1
528,0,10,1,1
528,1,42,1,1
528,2,16,1,1
528,3,39,1,1
528,4,51,1,1
528,5,19,1,1
528,6,46,1,1
528,7,45,1,1
528,8,18,1,1
528,9,39,1,1
528,10,0,1,1
528,11,51,1,1
529,0,8,1,1
529,1,39,1,1
529,2,13,1,1
529,3,48,1,1
529,4,48,1,1
529,5,24,1,1
529,6,44,1,1
529,7,67,1,1
529,8,18,1,1
529,9,43,1,1
529,10,0,1,1
529,11,57,1,1
530,0,12,1,1
530,1,45,1,1
530,2,7,1,1
530,3,49,1,1
530,4,56,1,1
530,5,22,1,1
530,6,38,1,1
530,7,52,1,1
530,8,18,1,1
530,9,37,1,1
530,10,0,1,1
530,11,49,1,1
531,0,10,1,1
531,1,56,1,1
531,2,10,1,1
531,3,27,1,1
531,4,47,1,1
531,5,32,1,1
531,6,38,1,1
531,7,50,1,1
531,8,21,1,1
531,9,44,1,1
531,10,0,1,1
531,11,50,1,1
532,0,9,1,1
532,1,32,1,1
532,2,5,1,1
532,3,27,1,1
532,4,61,1,1
532,5,24,1,1
532,6,28,1,1
532,7,48,1,1
532,8,20,1,1
532,9,37,1,1
532,10,0,1,1
532,11,43,1,1
533,0,7,1,1
533,1,47,1,1
533,2,7,1,1
533,3,40,1,1
533,4,53,1,1
533,5,34,1,1
533,6,37,1,1
533,7,47,1,1
533,8,14,1,1
533,9,42,1,1
533,10,0,1,1
533,11,49,1,1
534,0,6,1,1
534,1,39,1,1
534,2,10,1,1
534,3,31,1,1
534,4,55,1,1
534,5,27,1,1
534,6,36,1,1
534,7,81,1,1
534,8,20,1,1
534,9,39,1,1
534,10,0,1,1
534,11,66,1,1
535,0,15,1,1
535,1,62,1,1
535,2,11,1,1
535,3,25,1,1
535,4,51,1,1
535,5,35,1,1
535,6,31,1,1
535,7,68,1,1
535,8,15,1,1
535,9,56,1,1
535,10,0,1,1
535,11,50,1,1
536,0,6,1,1
536,1,50,1,1
536,2,6,1,1
536,3,24,1,1
536,4,53,1,1
536,5,31,1,1
536,6,31,1,1
536,7,66,1,1
536,8,14,1,1
536,9,45,1,1
536,10,0,1,1
536,11,41,1,1
537,0,7,1,1
537,1,37,1,1
537,2,4,1,1
537,3,27,1,1
537,4,50,1,1
537,5,24,1,1
537,6,31,1,1
537,7,48,1,1
537,8,15,1,1
537,9,36,1,1
537,10,0,1,1
537,11,41,1,1
538,0,5,1,1
538,1,58,1,1
538,2,6,1,1
538,3,31,1,1
538,4,50,1,1
538,5,26,1,1
538,6,32,1,1
538,7,45,1,1
538,8,11,1,1
538,9,43,1,1
538,10,0,1,1
538,11,50,1,1
539,0,8,1,1
539,1,34,1,1
539,2,7,1,1
539,3,27,1,1
539,4,39,1,1
539,5,20,1,1
539,6,33,1,1
539,7,44,1,1
539,8,10,1,1
539,9,31,1,1
539,10,0,1,1
539,11,37,1,1
540,0,9,1,1
540,1,41,1,1
540,2,3,1,1
540,3,20,1,1
540,4,37,1,1
540,5,19,1,1
540,6,25,1,1
540,7,46,1,1
540,8,18,1,1
540,9,29,1,1
540,10,0,1,1
540,11,30,1,1
541,0,5,1,1
541,1,42,1,1
541,2,5,1,1
541,3,28,1,1
541,4,41,1,1
541,5,29,1,1
541,6,33,1,1
541,7,55,1,1
541,8,9,1,1
541,9,41,1,1
541,10,0,1,1
541,11,36,1,1
542,0,10,1,1
542,1,25,1,1
542,2,5,1,1
542,3,19,1,1
542,4,47,1,1
542,5,13,1,1
542,6,20,1,1
542,7,41,1,1
542,8,14,1,1
542,9,32,1,1
542,10,0,1,1
542,11,31,1,1
543,0,2,1,1
543,1,37,1,1
543,2,5,1,1
543,3,36,1,1
543,4,48,1,1
543,5,23,1,1
543,6,23,1,1
543,7,37,1,1
543,8,12,1,1
543,9,33,1,1
543,10,0,1,1
543,11,35,1,1
544,0,8,1,1
544,1,33,1,1
544,2,6,1,1
544,3,36,1,1
544,4,50,1,1
544,5,17,1,1
544,6,40,1,1
544,7,34,1,1
544,8,13,1,1
544,9,35,1,1
544,10,0,1,1
544,11,39,1,1
545,0,5,1,1
545,1,32,1,1
545,2,3,1,1
545,3,25,1,1
545,4,29,1,1
545,5,24,1,1
545,6,29,1,1
545,7,41,1,1
545,8,17,1,1
545,9,27,1,1
545,10,0,1,1
545,11,31,1,1
546,0,6,1,1
546,1,31,1,1
546,2,7,1,1
546,3,20,1,1
546,4,28,1,1
546,5,12,1,1
546,6,31,1,1
546,7,26,1,1
546,8,12,1,1
546,9,34,1,1
546,10,0,1,1
546,11,37,1,1
